Chromosome,Start_position,Tumor_Sample_Barcode,UUID
12,123741386,TCGA-OR-A5K2-01A-11D-A29I-10,e701f4ff-86d6-480a-928d-7223f031e563
4,996204,TCGA-OR-A5KP-01A-11D-A30A-10,7b8e4395-1a7f-49df-849a-0a1c72df3bab
4,996204,TCGA-OR-A5K9-01A-11D-A29I-10,2b07f639-d47c-4ac2-88c2-f4328a81ca45
19,11558367,TCGA-OR-A5JR-01A-11D-A29I-10,bd7304ec-028e-4049-b72c-3dfcaa7cfc8d
19,11558367,TCGA-OR-A5KT-01A-11D-A29I-10,c3640a8e-94b9-4e9c-a669-810bf976bc7d
16,2762757,TCGA-OR-A5JF-01A-11D-A29I-10,92de55a2-f186-4bfd-a508-70894b25009c
11,1017249,TCGA-OR-A5KU-01A-11D-A29I-10,4ebe4df6-3385-4d5c-a4cc-15d194b8b1d1
19,11558367,TCGA-OR-A5JV-01A-11D-A29I-10,50fc8d3a-11f1-467c-a51c-b030ba56e454
11,1017249,TCGA-OR-A5JK-01A-11D-A29I-10,1f77727e-3c91-4567-bdd2-9cdb965477d1
19,46321272,TCGA-OR-A5LD-01A-11D-A29I-10,00b5a621-d71e-4cb3-acf6-c42ba85b85c1
16,89921057,TCGA-OR-A5LP-01A-11D-A29I-10,870c0429-478c-4c34-9780-b3cb0c168dae
22,20780296,TCGA-OR-A5J4-01A-11D-A29I-10,dbc3925b-53ab-4d9d-b311-5b5ca2c021bd
15,65321780,TCGA-OR-A5KS-01A-11D-A30A-10,cb4a2233-e962-4e43-b1d1-e12e3c142476
2,233274476,TCGA-OR-A5J7-01A-11D-A29I-10,4a254c3a-def9-4c66-a9ac-2482bc54c1e9
12,7045912,TCGA-OR-A5JH-01A-11D-A30A-10,d45b0325-8e40-431a-8a1f-a44c8effc413
12,7045906,TCGA-PA-A5YG-01A-11D-A29I-10,346b24c9-44aa-4ac5-a48b-4ac07d662d52
12,7045906,TCGA-OR-A5JF-01A-11D-A29I-10,92de55a2-f186-4bfd-a508-70894b25009c
16,89921057,TCGA-OR-A5JL-01A-11D-A29I-10,3030412f-2373-46b0-8f6d-a026c5f7b3a1
4,996204,TCGA-OR-A5L3-01A-11D-A29I-10,06637a6f-0fec-47e1-8abb-b96ebad6b8a9
4,996204,TCGA-OR-A5JP-01A-11D-A29I-10,48fb08b9-d5c4-4119-92a0-bf2d48aad173
12,7045924,TCGA-PA-A5YG-01A-11D-A29I-10,346b24c9-44aa-4ac5-a48b-4ac07d662d52
15,65321780,TCGA-OR-A5JP-01A-11D-A29I-10,48fb08b9-d5c4-4119-92a0-bf2d48aad173
2,233274476,TCGA-OR-A5KV-01A-11D-A29I-10,ae45b759-0ac5-4567-9186-d77e3d5fd31b
12,123741386,TCGA-OR-A5JY-01A-31D-A29I-10,d2fdf07c-9c5b-46c6-ae55-639c6df82f43
12,7045924,TCGA-OR-A5JF-01A-11D-A29I-10,92de55a2-f186-4bfd-a508-70894b25009c
12,52709845,TCGA-OR-A5JW-01A-11D-A29I-10,e358e0f0-b723-4226-ac1d-dc85976d1fba
12,7045912,TCGA-OR-A5JT-01A-11D-A29I-10,98f93c70-c25a-462e-92a0-98c52f9952af
22,20780296,TCGA-OR-A5JQ-01A-11D-A29I-10,179a63d1-39fd-45bc-a7d9-2b7c813ad454
16,18937330,TCGA-OR-A5KO-01A-11D-A29I-10,99818fa6-a00f-4d0f-95bb-cfcc75d89d4e
12,7045912,TCGA-OR-A5LB-01A-11D-A29I-10,83073f91-7c73-41e9-ad3d-1c2d18a6875f
4,996204,TCGA-OR-A5LO-01A-11D-A29I-10,e6e9005b-3d5a-4498-a465-89903abf0b46
12,123738436,TCGA-OR-A5LC-01A-11D-A29I-10,5fc1fd58-555d-479f-99ec-f4016cdf762b
12,7045924,TCGA-OR-A5KZ-01A-11D-A29I-10,e2cc0560-76e6-4b29-8374-b3c1eeec01d7
16,2762757,TCGA-OR-A5J8-01A-11D-A29I-10,d95c7c17-23eb-4c6d-aeb9-529095ff3906
2,233274476,TCGA-OR-A5JK-01A-11D-A29I-10,1f77727e-3c91-4567-bdd2-9cdb965477d1
11,49204732,TCGA-OR-A5LO-01A-11D-A29I-10,e6e9005b-3d5a-4498-a465-89903abf0b46
16,18937330,TCGA-OR-A5KW-01A-11D-A29I-10,d0d79284-6c8d-4194-bcc6-7c20a6b36bb1
19,46321272,TCGA-OR-A5J4-01A-11D-A29I-10,dbc3925b-53ab-4d9d-b311-5b5ca2c021bd
4,996204,TCGA-OR-A5KU-01A-11D-A29I-10,4ebe4df6-3385-4d5c-a4cc-15d194b8b1d1
4,996204,TCGA-OR-A5LK-01A-11D-A29I-10,34a01331-53b6-4274-ac3a-e0a17c5ce249
11,49204732,TCGA-OR-A5L6-01A-11D-A29I-10,cefbd8db-76b5-4a0b-ac84-d00baea742c7
12,52709845,TCGA-OR-A5L5-01A-11D-A29I-10,b119488a-0379-4e84-9d3d-f4aab253cb33
2,20647365,TCGA-FJ-A3ZF-01A-11D-A23M-08,074fc242-d5ac-478e-bf84-9d6e782002c5
9,137328331,TCGA-K4-A3WU-01B-11D-A23M-08,b2e1e5fd-3b5a-4b5f-bb7c-14cc5299bb27
2,20647740,TCGA-KQ-A41R-01A-21D-A34U-08,fba68630-e659-4b04-8741-032dbbce8c05
1,155247568,TCGA-G2-A2ES-01A-11D-A17V-08,51814a38-7a25-4a0e-8836-8874b783468f
3,33614798,TCGA-E7-A7DU-01A-11D-A32B-08,512c7c41-81ce-43a3-8d52-3950b7bfc8c1
11,64536968,TCGA-E7-A7DV-01A-11D-A339-08,52db7beb-dabd-4f8e-b3c4-aa24823afa70
13,73636642,TCGA-E7-A3Y1-01A-11D-A22Z-08,52db7beb-dabd-4f8e-b3c4-aa24823afa70
7,17349573,TCGA-DK-A6AV-01A-12D-A30E-08,65273722-e0aa-4fbd-8b9f-7797a41eb682
7,93516176,TCGA-DK-A3WW-01A-22D-A23M-08,0ceab198-b54c-4a2f-9482-574eaaaae3dc
1,8418325,TCGA-BT-A0YX-01A-11D-A10S-08,074fc242-d5ac-478e-bf84-9d6e782002c5
18,21110004,TCGA-ZF-AA4X-01A-11D-A38G-08,074fc242-d5ac-478e-bf84-9d6e782002c5
18,21083604,TCGA-FD-A3B3-01A-12D-A202-08,ad2f45c4-23c6-406c-ba40-915e819207b3
6,18122786,TCGA-DK-AA6W-01A-12D-A391-08,c3afd687-0301-4c93-97a3-1a340b83c8da
18,21084405,TCGA-BT-A2LB-01A-11D-A18F-08,e67069c9-26b7-4b0b-9300-c006cd969159
1,8419940,TCGA-E5-A4TZ-01A-11D-A31L-08,b2e1e5fd-3b5a-4b5f-bb7c-14cc5299bb27
3,184870595,TCGA-DK-A2I4-01A-11D-A21A-08,54e09481-75b7-4677-a361-1b9770517c2a
2,20647449,TCGA-K4-A4AC-01A-21D-A26M-08,074fc242-d5ac-478e-bf84-9d6e782002c5
1,154988705,TCGA-KQ-A41N-01A-11D-A339-08,54e09481-75b7-4677-a361-1b9770517c2a
1,155247576,TCGA-G2-A2ES-01A-11D-A17V-08,887f6123-0b96-42a4-a6fd-6857ba2dc51b
13,73649892,TCGA-GV-A3QK-01B-11D-A23M-08,54e09481-75b7-4677-a361-1b9770517c2a
2,20647495,TCGA-ZF-A9R0-01A-11D-A38G-08,54e09481-75b7-4677-a361-1b9770517c2a
6,1313386,TCGA-YC-A9TC-01A-22D-A391-08,0d7669a0-08c3-486d-872a-56c8abcc59f4
3,33558526,TCGA-DK-A2I4-01A-11D-A21A-08,54e09481-75b7-4677-a361-1b9770517c2a
1,20107215,TCGA-XF-AAN0-01A-11D-A42E-08,69a73fa6-e86b-48df-9aec-91c8f838c783
7,17382607,TCGA-DK-A3IU-01A-11D-A20D-08,0d7669a0-08c3-486d-872a-56c8abcc59f4
17,63010911,TCGA-K4-A3WS-01A-11D-A22Z-08,5adbc794-7ea4-481e-9b50-fb2ef89e4021
11,64537446,TCGA-G2-AA3D-01A-11D-A391-08,fba68630-e659-4b04-8741-032dbbce8c05
2,20647449,TCGA-FD-A3SL-01A-21D-A22Z-08,52db7beb-dabd-4f8e-b3c4-aa24823afa70
8,131861910,TCGA-XF-A9SV-01A-21D-A42E-08,074fc242-d5ac-478e-bf84-9d6e782002c5
3,33614798,TCGA-G2-A3VY-01A-11D-A22Z-08,fba68630-e659-4b04-8741-032dbbce8c05
17,48435844,TCGA-XF-AAML-01A-11D-A42E-08,929e238f-16a4-45aa-a23f-df314f000686
17,63052540,TCGA-DK-A1AD-01A-11D-A13W-08,867dd8f1-91be-4f2f-a6b0-481b857ba44d
2,20647689,TCGA-FD-A6TB-01A-12D-A339-08,c6183a6e-9e5e-48f1-bfca-596fbb01a272
19,54942276,TCGA-DK-A2I4-01A-11D-A21A-08,c03206e4-3d40-4347-af58-414837ac55e6
3,33704998,TCGA-K4-A5RJ-01A-11D-A289-08,8012422b-913e-4d87-a1ae-271eb20d0701
1,154987446,TCGA-DK-A2I4-01A-11D-A21A-08,929e238f-16a4-45aa-a23f-df314f000686
11,64537059,TCGA-ZF-A9RM-01A-11D-A38G-08,f8fbf809-a327-4767-96ed-413ec254cd2f
13,73649902,TCGA-DK-AA71-01A-31D-A391-08,929e238f-16a4-45aa-a23f-df314f000686
3,184870595,TCGA-ZF-A9R7-01A-11D-A38G-08,77a65673-877b-4465-8a36-06b6cd6ee12a
1,42922574,TCGA-UY-A9PF-01A-11D-A38G-08,a94872f8-bf89-45f1-a866-f03609fb35eb
6,88258313,TCGA-G2-AA3B-01A-11D-A391-08,08d587d6-dce2-49be-adbe-6511a995fd6b
7,17378759,TCGA-C4-A0F0-01A-12D-A10S-08,9a7b46c4-ac13-41f3-bac6-7af7d5563c64
8,132052131,TCGA-XF-AAMG-01A-11D-A42E-08,77a65673-877b-4465-8a36-06b6cd6ee12a
6,1313436,TCGA-4Z-AA80-01A-11D-A391-08,587fa639-57ec-4993-b197-932027b13c06
9,137328351,TCGA-E7-A541-01A-11D-A26M-08,e206d79d-85a9-43bd-90d3-452f0d4d24d8
17,48434547,TCGA-XF-A9SP-01A-11D-A391-08,9778ac9d-cf6f-48df-9b9b-46bff66d2aa1
17,63010911,TCGA-FD-A3SN-01A-12D-A22Z-08,8012422b-913e-4d87-a1ae-271eb20d0701
6,18121856,TCGA-GV-A3JW-01A-11D-A20D-08,02c09b5c-adbe-446b-9fb9-86991d403e06
1,215256745,TCGA-BT-A0YX-01A-11D-A10S-08,3161c8f2-4840-4038-8866-b8502e9c1b24
17,48434547,TCGA-DK-A1A3-01A-11D-A13W-08,867dd8f1-91be-4f2f-a6b0-481b857ba44d
1,20067393,TCGA-E7-A5KF-01A-11D-A289-08,01ed3c52-1c29-41ea-9d5e-abe63ac549f8
11,64537844,TCGA-UY-A78L-01A-12D-A339-08,ab5744b6-cd89-4158-ba00-496f1f5251eb
8,131896844,TCGA-GC-A3RC-01A-11D-A22Z-08,ff4535a4-394a-4d62-8f77-43ac4cd0b8dc
7,17375399,TCGA-E7-A7DU-01A-11D-A32B-08,929e238f-16a4-45aa-a23f-df314f000686
7,17349574,TCGA-DK-A6AV-01A-12D-A30E-08,8ef4a3b5-f4a7-4026-96d4-88ab5e98986e
7,93516175,TCGA-GV-A6ZA-01A-12D-A339-08,0d313368-1d42-41f1-b25d-195076f398ae
2,20647508,TCGA-UY-A78M-01A-21D-A34U-08,f4bf6599-bbed-49ac-8e7c-32fbc9b84cf9
1,20107204,TCGA-DK-A2I6-01A-12D-A18F-08,eacb1b00-389c-43c0-a4d5-346376e50545
1,155255679,TCGA-4Z-AA7Q-01A-11D-A391-08,abc3835d-247a-4159-a011-643157368dad
1,20107215,TCGA-E7-A7DU-01A-11D-A32B-08,14cacb57-9e8a-4c6b-85d3-9244aa43cb52
2,20647365,TCGA-E7-A5KF-01A-11D-A289-08,8e4092e9-a600-4b66-9c4d-ae9751329dc2
1,20107215,TCGA-E5-A4U1-01A-11D-A31L-08,ab4a001e-7233-471b-a449-a148126fcf7b
13,73636410,TCGA-XF-A9T3-01A-11D-A42E-08,e8133ac4-c55e-4c21-9a44-0fffa362955f
7,17379440,TCGA-FJ-A3ZE-01A-11D-A23M-08,c7eea1b9-00f8-4eac-af58-49cdc910bdf4
1,8601355,TCGA-CU-A0YR-01A-12D-A10S-08,4aa40ffd-325a-461f-8d94-8edf2ed6aceb
9,137328351,TCGA-CF-A47X-01A-31D-A23U-08,6b120d72-3826-4254-8545-a7efa23a8bc0
17,63052692,TCGA-G2-A2EO-01A-11D-A17V-08,65cb56ff-d76e-4c15-a93a-cf4e4fac8f99
2,20647363,TCGA-E7-A97Q-01A-11D-A38G-08,563c56af-0360-4aec-9ae9-f5de85c24b22
7,93516176,TCGA-XF-A9SY-01A-21D-A42E-08,61b2693d-5472-46bb-b841-4d6713bac6a5
19,54932494,TCGA-CU-A3KJ-01A-11D-A21A-08,fa78b6a3-cebb-40b3-a0b8-6616bbe722e8
7,17369630,TCGA-XF-A9SL-01A-11D-A391-08,bb2e0e0f-054d-46ea-b5e2-1b7fcb76b0b4
7,17373647,TCGA-DK-A3X1-01A-12D-A22Z-08,fa78b6a3-cebb-40b3-a0b8-6616bbe722e8
11,67770563,TCGA-UY-A78N-01A-12D-A339-08,d15ee474-2e45-4a36-8d9d-36e4fc4e9b18
11,64536969,TCGA-E7-A7DV-01A-11D-A339-08,e40bde9f-df80-47d9-ab01-c2794ffccc1a
7,17379517,TCGA-XF-AAN2-01A-11D-A42E-08,c2e6e9bf-a1c6-408d-86ac-d1428cc5f299
19,54942066,TCGA-K4-A6MB-01A-11D-A31L-08,8fb47cc8-cd67-48f4-addb-f47d0d78868b
1,20027262,TCGA-2F-A9KR-01A-11D-A38G-08,85195b7c-ffd7-4095-836b-abcbdf9ed7dd
1,42922346,TCGA-K4-A3WU-01B-11D-A23M-08,516cf4a3-0927-49ad-9fc7-e09f19a8b878
1,8418613,TCGA-DK-A3IM-01A-11D-A20D-08,6146ec95-d751-432c-a37c-38d29bfd3a3f
2,20647450,TCGA-BT-A20N-01A-11D-A14W-08,ed4f4786-baa3-4009-9d96-72fdc40ee116
1,8420263,TCGA-ZF-AA4W-01A-12D-A38G-08,85195b7c-ffd7-4095-836b-abcbdf9ed7dd
8,131880114,TCGA-FD-A5BR-01A-11D-A26M-08,fca8a031-be9c-4355-b4b7-e110711aceb8
6,18122786,TCGA-LC-A66R-01A-41D-A30E-08,fa78b6a3-cebb-40b3-a0b8-6616bbe722e8
1,154988247,TCGA-ZF-AA51-01A-21D-A391-08,f506cc2c-2d03-4081-8dd7-8c647f634a10
7,17375399,TCGA-4Z-AA80-01A-11D-A391-08,a619260a-2a67-4526-9e30-1e445a084da2
17,48452825,TCGA-DK-AA74-01A-11D-A391-08,a11bd4ba-e4b4-49a0-a5eb-7c620916920b
8,132052131,TCGA-K4-A54R-01A-11D-A26M-08,be912e76-b90b-45a2-8728-58a45448b159
6,88299660,TCGA-UY-A9PH-01A-11D-A38G-08,2968c38d-c1c5-4d56-b541-2dd308bbba52
1,42922574,TCGA-XF-A9SJ-01A-11D-A391-08,7588b17c-27c6-4696-9f7c-1595cf97b392
1,155255061,TCGA-K4-A54R-01A-11D-A26M-08,01e14c92-1c27-4a49-979a-6d8b6bc324da
1,20107181,TCGA-XF-AAML-01A-11D-A42E-08,85195b7c-ffd7-4095-836b-abcbdf9ed7dd
17,48453498,TCGA-2F-A9KT-01A-11D-A38G-08,7588b17c-27c6-4696-9f7c-1595cf97b392
6,18122075,TCGA-G2-A2EC-01A-11D-A17V-08,f9c9084a-b744-48d2-ad66-45e0946f8814
6,18122747,TCGA-LC-A66R-01A-41D-A30E-08,88e8dce1-25ea-4494-b931-0b826f7c253c
6,1313320,TCGA-DK-AA6S-01A-21D-A391-08,31e05a26-4162-4195-985e-7dae0262b2c0
13,73649902,TCGA-ZF-A9R9-01A-11D-A38G-08,2883b4b0-28e4-4f5e-871a-6bc13abc1dd0
9,137328351,TCGA-2F-A9KQ-01A-11D-A38G-08,c6721a24-2ac5-4c72-8d97-9b37a3b05c18
11,64537455,TCGA-ZF-A9RM-01A-11D-A38G-08,a7685544-e0f5-4330-bde9-e45965d47193
3,184870586,TCGA-GU-A42Q-01A-11D-A23U-08,be01a9c1-a548-43b3-bd41-3081d191888f
1,154988787,TCGA-GV-A40E-01A-12D-A23M-08,c1658c3e-865c-486b-8df9-ea45a8660ace
19,55329821,TCGA-BT-A20Q-01A-11D-A14W-08,4488166f-03d5-4627-a807-4e0441633c44
2,20647266,TCGA-BT-A3PJ-01A-21D-A21Z-08,516cf4a3-0927-49ad-9fc7-e09f19a8b878
7,93516176,TCGA-DK-AA6U-01A-11D-A391-08,8bf378ed-6d0a-43d0-95ab-cc57d6ae2e8e
2,20647740,TCGA-4Z-AA7O-01A-31D-A391-08,aad6136a-d40c-46c0-9b1c-f68077380648
13,73636090,TCGA-BL-A3JM-01A-12D-A21A-08,d67e6b33-7ead-4d17-a1dd-d76469e87a69
7,17373573,TCGA-K4-A54R-01A-11D-A26M-08,c7eea1b9-00f8-4eac-af58-49cdc910bdf4
1,20072067,TCGA-HQ-A5ND-01A-11D-A26M-08,fa78b6a3-cebb-40b3-a0b8-6616bbe722e8
9,137321051,TCGA-DK-AA6S-01A-21D-A391-08,4488166f-03d5-4627-a807-4e0441633c44
18,21110004,TCGA-S5-A6DX-01A-11D-A31L-08,4488166f-03d5-4627-a807-4e0441633c44
17,63010910,TCGA-DK-AA6L-01A-11D-A391-08,4e31c323-5541-456a-9bb1-dc4a4fd8873a
11,64537455,TCGA-CF-A47W-01A-11D-A23U-08,20569f73-a77f-44bc-b5a3-576ac8647a80
6,88299660,TCGA-GV-A6ZA-01A-12D-A339-08,a7685544-e0f5-4330-bde9-e45965d47193
18,21086950,TCGA-E5-A4TZ-01A-11D-A31L-08,dad272a7-6539-4773-a67a-77c49cd0c909
17,63010911,TCGA-XF-A9ST-01A-11D-A42E-08,f78c4fda-865c-43b4-a024-57ea8a3a0f89
19,54933464,TCGA-G2-A2EO-01A-11D-A17V-08,ea88f571-ef6f-450f-8e2c-ba72c5501a22
6,18122765,TCGA-GV-A3JW-01A-11D-A20D-08,6617620f-0d20-416a-b712-b110da44aacd
1,155254985,TCGA-XF-AAN3-01A-11D-A42E-08,37cc6669-fe8c-4817-aafa-9169941c3fc9
13,73649892,TCGA-GD-A76B-01A-11D-A32B-08,82f4c7fd-9fc7-4aff-8724-0e6293405362
9,137328351,TCGA-ZF-AA53-01A-11D-A391-08,4488166f-03d5-4627-a807-4e0441633c44
19,54932504,TCGA-DK-A1AB-01A-11D-A13W-08,81d49d99-f4d2-41e6-98e8-1e1e86607673
2,20647740,TCGA-UY-A9PF-01A-11D-A38G-08,a7685544-e0f5-4330-bde9-e45965d47193
7,17369593,TCGA-XF-A9SH-01A-11D-A391-08,376ec0eb-2c32-4061-8e69-d32cf9430e79
6,18122722,TCGA-2F-A9KR-01A-11D-A38G-08,fa78b6a3-cebb-40b3-a0b8-6616bbe722e8
8,132051646,TCGA-E7-A4IJ-01A-31D-A26M-08,9e672ca5-3b07-4d1e-900e-c7099b89680b
3,33558604,TCGA-K4-A54R-01A-11D-A26M-08,7588b17c-27c6-4696-9f7c-1595cf97b392
17,63049731,TCGA-ZF-A9RG-01A-21D-A42E-08,b2d8201a-b608-4cc6-a0cd-661e58d2d12a
1,20066325,TCGA-4Z-AA7O-01A-31D-A391-08,516cf4a3-0927-49ad-9fc7-e09f19a8b878
1,8419925,TCGA-FD-A3B8-01A-31D-A20D-08,41dba27f-dbc7-4f93-8489-a265d486fd0d
2,20647344,TCGA-FD-A6TB-01A-12D-A339-08,85195b7c-ffd7-4095-836b-abcbdf9ed7dd
7,17370446,TCGA-KQ-A41R-01A-21D-A34U-08,c2e6e9bf-a1c6-408d-86ac-d1428cc5f299
1,154987500,TCGA-GD-A3OP-01A-21D-A21Z-08,a7685544-e0f5-4330-bde9-e45965d47193
1,154988705,TCGA-XF-AAN5-01A-11D-A42E-08,dd6f1df1-8826-42f7-a003-7698912af023
1,154988705,TCGA-FD-A3B7-01A-31D-A20D-08,294ffbfe-a954-4a80-a8e1-80b94652772f
3,33614798,TCGA-FD-A43N-01A-11D-A23U-08,ff6552e2-0133-4e55-8f4f-deb6e9242231
13,73649903,TCGA-XF-AAMH-01A-11D-A42E-08,2f338bae-506c-47ec-9932-464165f22b38
2,20647712,TCGA-DK-A3X1-01A-12D-A22Z-08,31e05a26-4162-4195-985e-7dae0262b2c0
13,73636253,TCGA-SY-A9G5-01A-11D-A38G-08,73d303c2-4924-4140-821d-d88dc9ab23e5
19,54937898,TCGA-G2-A3VY-01A-11D-A22Z-08,cd3a7e46-4123-4f3b-90be-bf2725efca2e
3,184870595,TCGA-K4-A5RJ-01A-11D-A289-08,dd6f1df1-8826-42f7-a003-7698912af023
1,8415171,TCGA-XF-A9ST-01A-11D-A42E-08,20569f73-a77f-44bc-b5a3-576ac8647a80
13,73636358,TCGA-ZF-A9R7-01A-11D-A38G-08,ab4a001e-7233-471b-a449-a148126fcf7b
13,73649905,TCGA-FD-A3SS-01A-12D-A22Z-08,be912e76-b90b-45a2-8728-58a45448b159
17,48431301,TCGA-G2-A3VY-01A-11D-A22Z-08,f78c4fda-865c-43b4-a024-57ea8a3a0f89
3,184870595,TCGA-DK-A3IS-01A-21D-A21A-08,dd2c2008-3633-45c2-91a9-aa3b0b78f7c6
3,184801060,TCGA-UY-A9PF-01A-11D-A38G-08,662bdf56-956f-419d-bcc5-4495b1f4f69b
7,93519632,TCGA-PQ-A6FI-01A-11D-A31L-08,bd8341c6-a135-4fe9-9c3f-7a466d58e903
1,42922645,TCGA-E7-A5KF-01A-11D-A289-08,fa78b6a3-cebb-40b3-a0b8-6616bbe722e8
3,33552094,TCGA-GV-A3QH-01A-11D-A21Z-08,f221f2b3-72ce-44b3-9f9a-360b361c7b4b
6,18122076,TCGA-XF-AAN5-01A-11D-A42E-08,17651809-3fdb-4fff-b2ae-20794306d34d
6,1313520,TCGA-XF-AAMQ-01A-11D-A42E-08,f4bf6599-bbed-49ac-8e7c-32fbc9b84cf9
19,54942066,TCGA-FD-A5BX-01A-11D-A26M-08,fca8a031-be9c-4355-b4b7-e110711aceb8
9,137293529,TCGA-DK-A3IQ-01A-31D-A20D-08,f3a71b90-9948-48a1-bab5-3a24123a970a
17,48435844,TCGA-HQ-A5NE-01A-12D-A289-08,563c56af-0360-4aec-9ae9-f5de85c24b22
8,131955663,TCGA-XF-AAN7-01A-11D-A42E-08,f9c9084a-b744-48d2-ad66-45e0946f8814
6,18122648,TCGA-ZF-AA4V-01A-11D-A38G-08,33dafdf5-ed89-499a-bb2f-eb02cf81c90a
1,154988787,TCGA-S5-AA26-01A-11D-A38G-08,e2293759-65e1-4354-b94d-41744b7ed5ca
19,55329821,TCGA-XF-AAMG-01A-11D-A42E-08,a7685544-e0f5-4330-bde9-e45965d47193
9,137328351,TCGA-GV-A3QH-01A-11D-A21Z-08,57260709-9ffb-488f-8552-b3db8f99b303
8,131949440,TCGA-GD-A6C6-01A-21D-A31L-08,194469ca-0a64-4974-b453-e9dfd0805f4e
6,1313343,TCGA-DK-A2I4-01A-11D-A21A-08,376ec0eb-2c32-4061-8e69-d32cf9430e79
1,215256745,TCGA-ZF-AA51-01A-21D-A391-08,c5e68396-2e18-4fd6-bcfc-bf1b3c51e626
6,18122786,TCGA-2F-A9KR-01A-11D-A38G-08,b941e96b-123c-45c4-b84b-ad4bef6e880a
8,131896934,TCGA-DK-AA6L-01A-11D-A391-08,a7685544-e0f5-4330-bde9-e45965d47193
13,73636032,TCGA-4Z-AA87-01A-11D-A391-08,f4dfcb39-aefb-4f16-b6e8-6081ac973a11
8,131812674,TCGA-FD-A6TD-01A-51D-A339-08,d15ee474-2e45-4a36-8d9d-36e4fc4e9b18
2,20647310,TCGA-ZF-A9R4-01A-11D-A38G-08,14cacb57-9e8a-4c6b-85d3-9244aa43cb52
6,1313374,TCGA-DK-A6B6-01A-11D-A30E-08,09780ecc-cca0-4cce-b51c-81b4033d27f1
17,63010910,TCGA-FD-A6TB-01A-12D-A339-08,fca8a031-be9c-4355-b4b7-e110711aceb8
8,131916131,TCGA-4Z-AA84-01A-11D-A391-08,ab4a001e-7233-471b-a449-a148126fcf7b
6,18122786,TCGA-DK-A1A3-01A-11D-A13W-08,8e4092e9-a600-4b66-9c4d-ae9751329dc2
2,20647419,TCGA-ZF-AA4U-01A-11D-A38G-08,2a425d29-3075-4f9b-a8fb-928fb9977270
6,1313480,TCGA-ZF-AA51-01A-21D-A391-08,a619260a-2a67-4526-9e30-1e445a084da2
1,8601299,TCGA-E7-A677-01A-11D-A30E-08,963d0b76-b83a-40ab-afbd-041912522905
6,18121781,TCGA-DK-A6B6-01A-11D-A30E-08,f9c9084a-b744-48d2-ad66-45e0946f8814
7,17373641,TCGA-UY-A9PH-01A-11D-A38G-08,98a40762-e43a-4e87-b9ac-d87991257afd
11,64540963,TCGA-XF-A9SK-01A-11D-A42E-08,9b1ab737-11b0-4a55-8e16-4291647fad6a
2,20647740,TCGA-HQ-A5ND-01A-11D-A26M-08,a82debba-1483-448c-9bb2-ade8dc73b884
9,137300844,TCGA-C4-A0F6-01A-11D-A10S-08,4aa40ffd-325a-461f-8d94-8edf2ed6aceb
9,137300143,TCGA-E5-A4TZ-01A-11D-A31L-08,563c9c1c-94a9-41db-ba89-2ab4c03b27ea
17,63010910,TCGA-SY-A9G0-01A-12D-A38G-08,c9bb42f9-75c4-47f9-a3a7-1d6ebbe68a30
6,1313563,TCGA-DK-AA6S-01A-21D-A391-08,74934813-e51a-4e2f-9205-320eaaea50d1
7,93516176,TCGA-DK-A1A5-01A-11D-A13W-08,c02323ab-f0c0-4e4d-b0e6-94a311cf2353
1,42922314,TCGA-2F-A9KW-01A-11D-A38G-08,bb2e0e0f-054d-46ea-b5e2-1b7fcb76b0b4
2,20647740,TCGA-FD-A6TB-01A-12D-A339-08,c2e43e66-e054-423d-b769-48d6cff4f56a
2,20647508,TCGA-ZF-A9R0-01A-11D-A38G-08,662bdf56-956f-419d-bcc5-4495b1f4f69b
13,73649902,TCGA-S5-A6DX-01A-11D-A31L-08,6037fc14-0b22-4d54-b3c5-e68baf7559cb
19,55329821,TCGA-S5-A6DX-01A-11D-A31L-08,516cf4a3-0927-49ad-9fc7-e09f19a8b878
11,67766695,TCGA-4Z-AA7W-01A-11D-A391-08,e8a39fed-7080-44f4-86b0-a26c36feb8a7
11,64537454,TCGA-4Z-AA82-01A-11D-A391-08,c6721a24-2ac5-4c72-8d97-9b37a3b05c18
7,17367467,TCGA-DK-AA75-01A-11D-A391-08,be01a9c1-a548-43b3-bd41-3081d191888f
8,132002783,TCGA-K4-AAQO-01A-11D-A38G-08,3638065f-706b-4cb2-aa32-45026ba83fb2
3,184870595,TCGA-BT-A0YX-01A-11D-A10S-08,f4bf6599-bbed-49ac-8e7c-32fbc9b84cf9
9,137321078,TCGA-4Z-AA80-01A-11D-A391-08,f9c9084a-b744-48d2-ad66-45e0946f8814
9,137293588,TCGA-FD-A3B5-01A-11D-A20D-08,ea88f571-ef6f-450f-8e2c-ba72c5501a22
1,215256745,TCGA-CF-A1HR-01A-11D-A13W-08,7687a9ad-f0a1-40cf-b2ac-fa3eeb9c49b7
8,131848566,TCGA-DK-A3IK-01A-32D-A21A-08,581d4c3a-6736-4bce-ba16-d68c0edc7c60
3,184870502,TCGA-DK-A1AD-01A-11D-A13W-08,20569f73-a77f-44bc-b5a3-576ac8647a80
1,20020931,TCGA-E7-A6MD-01A-41D-A34U-08,4aa40ffd-325a-461f-8d94-8edf2ed6aceb
1,215256745,TCGA-DK-A1AF-01A-11D-A13W-08,443828c6-4242-4bdf-902c-d6aa7ee24f77
6,1313343,TCGA-CF-A1HR-01A-11D-A13W-08,f410c3cd-fb7f-417f-9fdd-a5319f1b531a
17,48435844,TCGA-DK-AA74-01A-11D-A391-08,8a0db464-2734-4f3b-ab53-af022c018a90
9,137328351,TCGA-BT-A3PH-01A-11D-A21Z-08,92aa5cfb-e5c9-4563-856c-58f15e9be27e
11,67766695,TCGA-ZF-AA4W-01A-12D-A38G-08,18046b0a-953c-4071-b6a5-f521c984ef6a
1,42922574,TCGA-DK-A3X1-01A-12D-A22Z-08,189a170a-9b1b-4528-8229-64e6f17f65dd
17,48452913,TCGA-S5-A6DX-01A-11D-A31L-08,18046b0a-953c-4071-b6a5-f521c984ef6a
7,17379146,TCGA-UY-A8OB-01A-12D-A42E-08,86e29f33-65ff-4fc9-9359-b8c18aa85d86
1,154988052,TCGA-DK-A2I4-01A-11D-A21A-08,18046b0a-953c-4071-b6a5-f521c984ef6a
7,17378759,TCGA-XF-AAN2-01A-11D-A42E-08,67e2ee1d-b632-4660-ba25-3edddaa7a4b1
6,88265146,TCGA-ZF-AA4X-01A-11D-A38G-08,c9d09a80-1afb-40c2-94e9-176b3d54cdc1
1,42922574,TCGA-DK-A6B6-01A-11D-A30E-08,24971dca-58e0-49fe-bc1f-b56a550f888d
9,137328351,TCGA-DK-AA76-01A-11D-A391-08,67a382a4-c8d0-437f-ac21-f66ac4e3f931
7,17382605,TCGA-GD-A3OP-01A-21D-A21Z-08,e1e2597f-184d-47c1-93e5-899af87f93b7
9,137321028,TCGA-GV-A40G-01A-11D-A23M-08,3845ca3e-eb61-4505-9c0c-a8914f038c29
13,73636553,TCGA-CF-A1HS-01A-11D-A13W-08,e3bbae20-357b-46ab-89dc-3793b5d286a9
8,132002709,TCGA-E7-A7DU-01A-11D-A32B-08,5bb6dc1d-fa28-4ff7-8930-3d5112948f48
7,17375399,TCGA-K4-A54R-01A-11D-A26M-08,90707049-f620-4633-b6db-27f82af4ad59
13,73636804,TCGA-BT-A42C-01A-11D-A23M-08,18046b0a-953c-4071-b6a5-f521c984ef6a
17,48437382,TCGA-FD-A6TK-01A-42D-A339-08,ecbd1245-2374-484a-a534-5edcd9384cc8
1,215259881,TCGA-CU-A3KJ-01A-11D-A21A-08,df468eb4-63dd-41ac-9d03-a780abede7dd
1,155252454,TCGA-BT-A20U-01A-11D-A14W-08,ad4dc088-b16c-4a7b-a025-a21debfc134a
9,137328351,TCGA-FD-A3SN-01A-12D-A22Z-08,1ea76b24-4cf9-4aa0-8d2b-61f9195d0ddd
13,73636016,TCGA-DK-A3X1-01A-12D-A22Z-08,86e29f33-65ff-4fc9-9359-b8c18aa85d86
2,20647480,TCGA-FD-A6TB-01A-12D-A339-08,450a0b15-25bc-42a7-a25b-43350f8a7b86
3,184801255,TCGA-4Z-AA81-01A-11D-A391-08,2d529ccf-5551-4a77-a4da-02b93ff66641
1,154988172,TCGA-UY-A9PF-01A-11D-A38G-08,86e29f33-65ff-4fc9-9359-b8c18aa85d86
7,17375399,TCGA-FD-A6TA-01A-12D-A339-08,a7cfd0e6-905a-4fae-bdc8-cb050a5585fa
11,64536963,TCGA-E7-A7DV-01A-11D-A339-08,949098b4-464e-49d1-a2ac-f93820822ae5
1,154988052,TCGA-GD-A76B-01A-11D-A32B-08,05386a53-8c4c-44db-9a1a-b6fde790c180
1,20097954,TCGA-E7-A4IJ-01A-31D-A26M-08,3e0b4841-a6a6-41f2-9702-949374cd17b1
6,88299660,TCGA-BT-A20R-01A-12D-A16O-08,cc36fadc-533e-4190-b065-b26b70ed42b7
1,8617577,TCGA-BT-A42C-01A-11D-A23M-08,c9d09a80-1afb-40c2-94e9-176b3d54cdc1
9,137328325,TCGA-FD-A43P-01A-31D-A23U-08,64dae8b4-2e7f-480e-be3b-3ea52168b9f6
1,155247568,TCGA-FD-A6TC-01A-21D-A339-08,a890aad7-489d-4d31-adf2-3c59d0649eef
3,33626305,TCGA-FD-A3SJ-01A-12D-A22Z-08,f005caa5-9b57-4975-b089-d2a6ec013aac
1,8617577,TCGA-E5-A4TZ-01A-11D-A31L-08,5e926d83-9633-420b-84d6-cd8ce519f92f
9,137328351,TCGA-FD-A5BX-01A-11D-A26M-08,18046b0a-953c-4071-b6a5-f521c984ef6a
8,131795950,TCGA-K4-A6FZ-01A-11D-A31L-08,7b1951d9-061c-4dc9-acd8-ec03d9e0139e
3,184801154,TCGA-H4-A2HQ-01A-11D-A17V-08,5bb6dc1d-fa28-4ff7-8930-3d5112948f48
4,110737358,TCGA-BT-A2LB-01A-11D-A18F-08,e1e2597f-184d-47c1-93e5-899af87f93b7
19,55341573,TCGA-DK-A3IK-01A-32D-A21A-08,fdb742a1-8849-4c24-b120-792c18b3a967
17,48452831,TCGA-G2-A3IB-01A-11D-A20D-08,10f03747-abe6-4c9c-be7f-e6e9eebfd797
3,184870595,TCGA-PQ-A6FI-01A-11D-A31L-08,450a0b15-25bc-42a7-a25b-43350f8a7b86
2,20647530,TCGA-4Z-AA86-01A-11D-A391-08,
9,137328449,TCGA-KQ-A41R-01A-21D-A34U-08,
6,88299660,TCGA-GV-A3JZ-01A-11D-A21A-08,
8,131922042,TCGA-GV-A40G-01A-11D-A23M-08,
2,20647740,TCGA-4Z-AA87-01A-11D-A391-08,
4,110737358,TCGA-GU-A763-01A-11D-A32B-08,
2,20647449,TCGA-G2-AA3F-01A-12D-A42E-08,
1,20107215,TCGA-H4-A2HQ-01A-11D-A17V-08,
3,184801134,TCGA-FD-A6TB-01A-12D-A339-08,
11,67766695,TCGA-XF-AAN0-01A-11D-A42E-08,
7,17378911,TCGA-DK-A1AB-01A-11D-A13W-08,
11,64537455,TCGA-G2-AA3D-01A-11D-A391-08,
1,155257083,TCGA-G2-A2EF-01A-12D-A18F-08,
19,54942066,TCGA-XF-A9T3-01A-11D-A42E-08,
11,67766749,TCGA-FD-A3SJ-01A-12D-A22Z-08,
3,184870559,TCGA-ZF-A9RC-01A-11D-A38G-08,
17,48456576,TCGA-XF-A9T3-01A-11D-A42E-08,
8,132052131,TCGA-FD-A5BX-01A-11D-A26M-08,
4,110737358,TCGA-G2-AA3B-01A-11D-A391-08,
2,20647415,TCGA-ZF-AA4W-01A-12D-A38G-08,
2,20647544,TCGA-XF-A9SK-01A-11D-A42E-08,
3,184800814,TCGA-XF-AAN5-01A-11D-A42E-08,
6,18122780,TCGA-2F-A9KR-01A-11D-A38G-08,
1,8424172,TCGA-G2-A2EO-01A-11D-A17V-08,
8,131826425,TCGA-FD-A6TC-01A-21D-A339-08,
6,18122174,TCGA-DK-A1A3-01A-11D-A13W-08,
17,48452831,TCGA-DK-AA74-01A-11D-A391-08,
8,131861957,TCGA-C4-A0F0-01A-12D-A10S-08,
2,20647449,TCGA-DK-A3IL-01A-11D-A20D-08,
17,48452825,TCGA-2F-A9KT-01A-11D-A38G-08,
11,64544068,TCGA-GC-A3YS-01A-11D-A23M-08,
4,110740212,TCGA-E5-A2PC-01A-11D-A202-08,
7,17382623,TCGA-CF-A47Y-01A-11D-A23U-08,
3,33552169,TCGA-ZF-A9RC-01A-11D-A38G-08,
6,18122819,TCGA-K4-AAQO-01A-11D-A38G-08,
1,8617577,TCGA-DK-A3X1-01A-12D-A22Z-08,
2,20647449,TCGA-ZF-A9R3-01A-11D-A38G-08,
13,73649881,TCGA-GV-A3QK-01B-11D-A23M-08,
7,17378976,TCGA-XF-AAN2-01A-11D-A42E-08,
6,18122786,TCGA-XF-A9T8-01A-11D-A391-08,
18,21110004,TCGA-E5-A2PC-01A-11D-A202-08,
7,17375399,TCGA-S5-AA26-01A-11D-A38G-08,
9,137328351,TCGA-FJ-A3ZF-01A-11D-A23M-08,
7,17378626,TCGA-DK-AA76-01A-11D-A391-08,
9,137328351,TCGA-DK-A3IL-01A-11D-A20D-08,
8,132052131,TCGA-DK-A3WW-01A-22D-A23M-08,
6,1313398,TCGA-E7-A97Q-01A-11D-A38G-08,
11,64536777,TCGA-XF-AAN7-01A-11D-A42E-08,
9,137309085,TCGA-XF-AAMH-01A-11D-A42E-08,
11,67765893,TCGA-XF-AAML-01A-11D-A42E-08,
3,33612275,TCGA-XF-A9T8-01A-11D-A391-08,
17,48452684,TCGA-2F-A9KT-01A-11D-A38G-08,
3,33614729,TCGA-BT-A2LB-01A-11D-A18F-08,
9,137328351,TCGA-DK-A1AF-01A-11D-A13W-08,
17,63010911,TCGA-5N-A9KM-01A-11D-A42E-08,
2,20647740,TCGA-E5-A2PC-01A-11D-A202-08,
17,48431297,TCGA-K4-A3WU-01B-11D-A23M-08,
17,48452684,TCGA-ZF-A9R7-01A-11D-A38G-08,
6,1313343,TCGA-DK-A3X1-01A-12D-A22Z-08,
9,137300832,TCGA-XF-AAML-01A-11D-A42E-08,
11,64535215,TCGA-E7-A541-01A-11D-A26M-08,
1,155247568,TCGA-FD-A62P-01A-32D-A30E-08,
8,131916131,TCGA-XF-AAML-01A-11D-A42E-08,
11,64537484,TCGA-CF-A47W-01A-11D-A23U-08,
17,63049726,TCGA-K4-A54R-01A-11D-A26M-08,
9,137328351,TCGA-UY-A9PF-01A-11D-A38G-08,
1,215259819,TCGA-FD-A3SN-01A-12D-A22Z-08,
7,17375399,TCGA-LT-A5Z6-01A-11D-A289-08,
13,73636090,TCGA-DK-A3IU-01A-11D-A20D-08,
7,17378992,TCGA-XF-AAN2-01A-11D-A42E-08,
6,1313431,TCGA-K4-A3WU-01B-11D-A23M-08,
18,21110070,TCGA-CU-A0YO-01A-11D-A10S-08,
6,18122786,TCGA-GV-A3JW-01A-11D-A20D-08,
3,33633967,TCGA-GU-AATO-01A-11D-A391-08,
6,1313343,TCGA-DK-A3IM-01A-11D-A20D-08,
17,63049767,TCGA-XF-AAML-01A-11D-A42E-08,
1,7890055,TCGA-AR-A5QM-01A-11D-A27P-09,
22,30951295,TCGA-A2-A3XT-01A-11D-A22X-09,
1,119962135,TCGA-A8-A081-01A-11W-A019-09,
10,90591731,TCGA-AC-A2FM-01A-11D-A19Y-09,
1,7890055,TCGA-EW-A3U0-01A-11D-A228-09,
22,30951295,TCGA-A2-A0CR-01A-11D-A228-09,
10,90591731,TCGA-A2-A3XT-01A-11D-A22X-09,
1,7886604,TCGA-A8-A081-01A-11W-A019-09,
1,7858698,TCGA-AN-A0FW-01A-11W-A050-09,
1,119964794,TCGA-AN-A0XU-01A-11D-A10G-09,
9,136083528,TCGA-A2-A1G4-01A-11D-A13L-09,
22,30951295,TCGA-AC-A2FM-01A-11D-A19Y-09,
9,136083528,TCGA-BH-A1EN-01A-11D-A17G-09,
1,7890055,TCGA-E2-A1L6-01A-11D-A13L-09,
1,119962135,TCGA-GM-A2DB-01A-31D-A19Y-09,
10,90583107,TCGA-MS-A51U-01A-31D-A25Q-09,
1,7886690,TCGA-A1-A0SI-01A-11D-A142-09,
1,7890055,TCGA-D8-A1XC-01A-11D-A14G-09,
22,30951010,TCGA-AO-A03T-01A-21W-A050-09,
1,7890055,TCGA-A2-A25F-01A-11D-A167-09,
1,119965062,TCGA-A2-A4RW-01A-21D-A25Q-09,
6,27798995,TCGA-C5-A1BI-01B-11D-A13W-08,
18,54629743,TCGA-EA-A6QX-01A-12D-A33O-09,
6,27835303,TCGA-EK-A3GJ-01A-21D-A20U-09,
22,22127164,TCGA-DS-A0VN-01A-21D-A10S-08,
3,184870595,TCGA-Q1-A6DW-01A-11D-A32I-09,
3,184870595,TCGA-MY-A5BD-01A-11D-A26G-09,
22,22160227,TCGA-EA-A3HT-01A-61D-A21Q-09,
22,22127164,TCGA-EK-A2RA-01A-11D-A18J-09,
6,27834744,TCGA-LP-A4AV-01A-11D-A243-09,
18,54350029,TCGA-EK-A2RB-01A-11D-A18J-09,
6,27834714,TCGA-EK-A2R8-01A-21D-A18J-09,
6,27798995,TCGA-C5-A2LZ-01A-11D-A20U-09,
6,27834864,TCGA-FU-A40J-01A-11D-A243-09,
22,22127164,TCGA-EA-A1QS-01A-61D-A22X-09,
18,54606544,TCGA-Q1-A5R3-01A-11D-A28B-09,
22,22127167,TCGA-DG-A2KL-01A-11D-A17W-09,
22,22127164,TCGA-C5-A1BI-01B-11D-A13W-08,
18,54605880,TCGA-IR-A3LL-01A-11D-A20U-09,
18,54354104,TCGA-EK-A2RD-01A-12D-A20U-09,
18,54694411,TCGA-JW-A852-01A-11D-A351-09,
6,27834744,TCGA-FU-A3NI-01A-11D-A21Q-09,
22,22127164,TCGA-HM-A3JK-01A-11D-A21Q-09,
22,22127164,TCGA-EA-A5ZD-01A-11D-A28B-09,
3,184870595,TCGA-EA-A439-01A-11D-A243-09,
18,54605881,TCGA-EX-A1H5-01A-31D-A13W-08,
22,22127164,TCGA-FU-A3TQ-01A-11D-A22X-09,
18,47405423,TCGA-ZH-A8Y6-01A-11D-A417-09,
18,47405423,TCGA-ZD-A8I3-01A-11D-A417-09,
18,47566596,TCGA-W5-AA2X-01A-11D-A417-09,
8,110492352,TCGA-G8-6907-01A-11D-2210-10,
3,183273173,TCGA-FM-8000-01A-11D-2210-10,
21,45970772,TCGA-FA-8693-01A-11D-2397-10,
8,110495331,TCGA-FF-8041-01A-11D-2210-10,
3,183209942,TCGA-GR-A4D9-01B-11D-A31X-10,
6,32549582,TCGA-G8-6325-01A-11D-2210-10,
6,32549584,TCGA-G8-6325-01A-11D-2210-10,
3,183273174,TCGA-FF-A7CW-01A-11D-A382-10,
1,248525640,TCGA-GS-A9U3-01A-11D-A38X-10,
8,110510964,TCGA-G8-6907-01A-11D-2210-10,
19,19260045,TCGA-G8-6907-01A-11D-2210-10,
3,183273170,TCGA-FF-8047-01A-11D-2210-10,
1,248525640,TCGA-FF-A7CX-01A-12D-A382-10,
3,183209942,TCGA-FF-8062-01A-11D-2210-10,
19,19260045,TCGA-FM-8000-01A-11D-2210-10,
19,6392908,TCGA-G8-6914-01A-11D-2210-10,
8,110447469,TCGA-G8-6907-01A-11D-2210-10,
19,6392906,TCGA-G8-6914-01A-11D-2210-10,
3,183212058,TCGA-GR-A4D6-01A-11D-A31X-10,
3,183273248,TCGA-G8-6914-01A-11D-2210-10,
19,6392910,TCGA-G8-6914-01A-11D-2210-10,
8,110510964,TCGA-GR-7353-01A-11D-2210-10,
6,32549582,TCGA-G8-6914-01A-11D-2210-10,
8,110535472,TCGA-GS-A9TZ-01A-11D-A38X-10,
8,110447512,TCGA-GR-7353-01A-11D-2210-10,
21,45970774,TCGA-FF-8043-01A-11D-2210-10,
21,45970774,TCGA-FA-8693-01A-11D-2397-10,
6,32549583,TCGA-G8-6325-01A-11D-2210-10,
8,110447512,TCGA-G8-6907-01A-11D-2210-10,
21,45970771,TCGA-FA-8693-01A-11D-2397-10,
2,240016733,TCGA-IG-A4P3-01A-11D-A27G-09,
17,45750492,TCGA-IG-A4P3-01A-11D-A27G-09,
2,240002800,TCGA-L5-A43J-01A-12D-A247-09,
2,239975285,TCGA-LN-A4MR-01A-11D-A28B-09,
17,45750492,TCGA-L5-A43H-01A-11D-A247-09,
2,240016733,TCGA-LN-A49K-01A-11D-A247-09,
2,240016733,TCGA-L5-A4OH-01A-11D-A27G-09,
17,45750492,TCGA-LN-A49K-01A-11D-A247-09,
17,45750492,TCGA-LN-A49V-01A-11D-A247-09,
2,240016733,TCGA-R6-A8W5-01B-11D-A37C-09,
17,45730174,TCGA-LN-A5U7-01A-11D-A31U-09,
17,45738512,TCGA-JY-A93C-01A-11D-A387-09,
2,240016733,TCGA-IG-A3YA-01A-11D-A247-09,
2,240002840,TCGA-LN-A9FP-01A-31D-A387-09,
2,240036937,TCGA-LN-A49W-01A-11D-A27G-09,
7,6628405,TCGA-41-5651-01A-01D-1696-08,
15,41146113,TCGA-06-0939-01A-01D-1353-08,
7,6628405,TCGA-76-6286-01A-11D-1845-08,
15,41146113,TCGA-19-1390-01A-01D-1495-08,
15,41146113,TCGA-76-6656-01A-11D-1845-08,
15,41137192,TCGA-06-6391-01A-11D-1696-08,
7,6628405,TCGA-76-6283-01A-11D-1845-08,
7,11630196,TCGA-CV-6954-01A-11D-1912-08,
7,11486919,TCGA-CV-7245-01A-11D-2012-08,
3,189582020,TCGA-D6-A6EM-01A-21D-A31L-08,
6,26045748,TCGA-MT-A67D-01A-31D-A30E-08,
7,11676123,TCGA-CN-A63T-01A-11D-A28R-08,
6,26045742,TCGA-CR-7364-01A-11D-2012-08,
3,189582020,TCGA-CV-A6JU-01A-11D-A31L-08,
3,189582183,TCGA-BA-5152-01A-02D-1870-08,
7,11514042,TCGA-CN-A63W-01A-11D-A30E-08,
7,11630197,TCGA-CV-5966-01A-11D-1683-08,
7,11676026,TCGA-CQ-6219-01A-11D-1912-08,
7,11514030,TCGA-D6-6826-01A-11D-1912-08,
22,22127164,TCGA-D6-A74Q-01A-11D-A34J-08,
3,189349311,TCGA-CN-6998-01A-23D-2012-08,
3,189526081,TCGA-CN-5361-01A-01D-1434-08,
7,11468652,TCGA-CV-7247-01A-11D-2012-08,
7,11457183,TCGA-CN-A498-01A-11D-A24D-08,
6,26045748,TCGA-CQ-A4C9-01A-11D-A25D-08,
7,11676072,TCGA-CN-4741-01A-01D-1434-08,
7,11630167,TCGA-CV-A6JN-01A-11D-A31L-08,
7,11676205,TCGA-CX-A4AQ-01A-11D-A25D-08,
3,189612152,TCGA-CV-5440-01A-01D-1512-08,
22,22127164,TCGA-CV-7261-01A-11D-2012-08,
7,11485699,TCGA-CR-7367-01A-11D-2012-08,
6,26045748,TCGA-CN-4740-01A-01D-1434-08,
7,11675953,TCGA-CV-6933-01A-11D-1912-08,
7,11676534,TCGA-CV-7432-01A-11D-2129-08,
7,11464388,TCGA-CN-5365-01A-01D-1434-08,
3,189611999,TCGA-BA-A4IG-01A-11D-A25Y-08,
7,11630143,TCGA-CN-5373-01A-01D-1434-08,
3,189526137,TCGA-CR-6492-01A-12D-2078-08,
22,22127164,TCGA-C9-A480-01A-12D-A24D-08,
7,11676130,TCGA-CV-7245-01A-11D-2012-08,
7,11676325,TCGA-CV-6441-01A-11D-1683-08,
22,22127164,TCGA-MT-A67F-01A-11D-A30E-08,
3,189526287,TCGA-CN-5364-01A-01D-1434-08,
7,11675891,TCGA-CV-A6K1-01A-11D-A31L-08,
6,26046019,TCGA-CR-7364-01A-11D-2012-08,
7,11468681,TCGA-CN-4741-01A-01D-1434-08,
7,11675973,TCGA-CV-5441-01A-01D-1512-08,
22,22127164,TCGA-CV-5442-01A-01D-1512-08,
7,11416278,TCGA-CN-5360-01A-01D-1434-08,
7,11630169,TCGA-CN-4742-01A-02D-1512-08,
22,22127164,TCGA-CQ-5334-01A-01D-1683-08,
7,11676343,TCGA-CN-6021-01A-11D-1683-08,
7,11441597,TCGA-CN-4738-01A-02D-1512-08,
7,11500389,TCGA-KU-A6H7-01A-11D-A31L-08,
3,189584501,TCGA-MT-A67A-01A-11D-A30E-08,
3,189586432,TCGA-BA-5152-01A-02D-1870-08,
6,26045674,TCGA-CX-7219-01A-11D-2012-08,
7,11418802,TCGA-CN-A497-01A-11D-A24D-08,
7,11418786,TCGA-BA-5149-01A-01D-1512-08,
7,11441590,TCGA-WA-A7GZ-01A-11D-A34J-08,
7,11415434,TCGA-BB-A6UM-01A-12D-A34J-08,
22,22127164,TCGA-CN-A63Y-01A-11D-A30E-08,
7,11468681,TCGA-CQ-5326-01A-01D-1870-08,
3,189582020,TCGA-BA-A6D8-01A-31D-A31L-08,
7,11446683,TCGA-D6-A74Q-01A-11D-A34J-08,
7,11441499,TCGA-KU-A66S-01A-21D-A30E-08,
3,189526213,TCGA-CV-A45U-01A-12D-A24D-08,
6,26045748,TCGA-CQ-6225-01A-11D-1912-08,
7,11514030,TCGA-CV-7248-01A-11D-2012-08,
7,11468645,TCGA-MT-A67F-01A-11D-A30E-08,
6,43174214,TCGA-B0-4697-01A-01D-1361-10,
6,43182827,TCGA-BP-4761-01A-01D-1366-10,
6,43174214,TCGA-AK-3428-01A-02D-1361-10,
6,43173114,TCGA-CJ-6032-01A-11D-1669-08,
6,43153719,TCGA-B8-5163-01A-01D-1421-08,
6,43170869,TCGA-B0-5106-01A-01D-1421-08,
6,43174215,TCGA-AK-3460-01A-02D-1361-10,
6,43156328,TCGA-BP-4965-01A-01D-1462-08,
7,93055856,TCGA-BQ-5889-01A-11D-1589-08,
19,11558373,TCGA-5P-A9JZ-01A-11D-A42J-10,
19,11558373,TCGA-B9-4114-01A-01D-1252-08,
19,11558367,TCGA-GL-A9DC-01A-11D-A36X-10,
17,45916949,TCGA-B9-A8YI-01A-21D-A36X-10,
11,82877674,TCGA-IA-A83S-01A-11D-A34Z-10,
12,53183979,TCGA-2Z-A9JM-01A-12D-A42J-10,
19,11558370,TCGA-G7-7501-01A-11D-2201-08,
12,53183979,TCGA-5P-A9JZ-01A-11D-A42J-10,
11,82878314,TCGA-EV-5903-01A-11D-1589-08,
11,82877727,TCGA-IZ-8196-01A-11D-2396-08,
17,45915920,TCGA-G7-A8LE-01A-11D-A35Z-10,
11,82877690,TCGA-5P-A9JZ-01A-11D-A42J-10,
17,38975316,TCGA-UZ-A9PL-01A-11D-A382-10,
12,53183951,TCGA-B3-A6W5-01A-12D-A33Q-10,
17,45916860,TCGA-MH-A562-01A-11D-A26P-10,
17,45918192,TCGA-A4-A4ZT-01A-11D-A26P-10,
11,82877724,TCGA-A4-8098-01A-11D-2396-08,
17,38975319,TCGA-UZ-A9PL-01A-11D-A382-10,
11,82877713,TCGA-DZ-6134-01A-11D-1961-08,
11,82877690,TCGA-B1-5398-01A-02D-1589-08,
17,38975316,TCGA-P4-AAVL-01A-11D-A42J-10,
17,45915217,TCGA-BQ-5889-01A-11D-1589-08,
19,11558370,TCGA-GL-A59T-01A-21D-A28G-10,
12,53188110,TCGA-UZ-A9PS-01A-11D-A42J-10,
12,53183951,TCGA-2Z-A9JM-01A-12D-A42J-10,
11,82877600,TCGA-BQ-5876-01A-11D-1589-08,
12,53188038,TCGA-DW-7836-01A-11D-2136-08,
11,82877707,TCGA-BQ-7058-01A-11D-1961-08,
11,82877708,TCGA-PJ-A8JU-01A-11D-A35Z-10,
19,11558367,TCGA-UZ-A9PP-01A-11D-A42J-10,
7,93055856,TCGA-GL-A9DC-01A-11D-A36X-10,
17,45916327,TCGA-SX-A7SR-01A-12D-A35Z-10,
17,45916327,TCGA-4A-A93X-01A-11D-A36X-10,
11,82877707,TCGA-SX-A71U-01A-12D-A33Q-10,
12,53183951,TCGA-5P-A9JZ-01A-11D-A42J-10,
11,82875304,TCGA-BQ-7050-01A-11D-1961-08,
17,45916322,TCGA-A4-7997-01A-11D-2201-08,
11,82877725,TCGA-B9-4617-01A-01D-1252-08,
19,11560110,TCGA-SX-A7SP-01A-11D-A34Z-10,
11,82877690,TCGA-EV-5903-01A-11D-1589-08,
12,53183951,TCGA-A4-A7UZ-01A-12D-A34Z-10,
19,49657886,TCGA-DD-A4NB-01A-12D-A25V-10,
1,152081179,TCGA-CC-5259-01A-31D-A20W-10,
19,4159733,TCGA-DD-A3A8-01A-11D-A22F-10,
2,73613036,TCGA-2Y-A9GY-01A-11D-A382-10,
2,73677972,TCGA-DD-A114-01A-11D-A12Z-10,
4,88537513,TCGA-ZS-A9CG-01A-11D-A36X-10,
4,88536436,TCGA-3K-AAZ8-01A-12D-A38X-10,
1,52281991,TCGA-DD-AAE7-01A-11D-A40R-10,
17,38975319,TCGA-ED-A97K-01A-21D-A382-10,
19,21300669,TCGA-DD-AADS-01A-11D-A40R-10,
1,52269532,TCGA-RC-A6M3-01A-11D-A32G-10,
1,152084224,TCGA-XR-A8TF-01A-11D-A35Z-10,
4,88536324,TCGA-DD-A1EH-01A-11D-A12Z-10,
21,34860754,TCGA-G3-A3CG-01A-11D-A20W-10,
17,38975319,TCGA-DD-AAE0-01A-11D-A40R-10,
21,34860757,TCGA-G3-A3CG-01A-11D-A20W-10,
17,38975319,TCGA-DD-AACN-01A-11D-A40R-10,
1,152084224,TCGA-DD-A3A2-01A-11D-A20W-10,
11,65320914,TCGA-DD-A116-01A-11D-A12Z-10,
11,65315205,TCGA-DD-A118-01A-11D-A12Z-10,
19,49657916,TCGA-BC-A3KF-01A-11D-A20W-10,
4,88534079,TCGA-DD-AACI-01A-11D-A40R-10,
4,88535128,TCGA-MI-A75G-01A-11D-A32G-10,
1,153907290,TCGA-DD-AAEH-01A-11D-A40R-10,
4,88535745,TCGA-BC-A3KF-01A-11D-A20W-10,
1,152084174,TCGA-DD-AAVU-01A-11D-A40R-10,
1,153907287,TCGA-G3-A3CG-01A-11D-A20W-10,
19,21299717,TCGA-BW-A5NQ-01A-11D-A27I-10,
1,152080269,TCGA-CC-A5UE-01A-11D-A28X-10,
4,88535262,TCGA-G3-A7M9-01A-23D-A34Z-10,
1,153906108,TCGA-EP-A2KB-01A-11D-A183-10,
2,73676478,TCGA-DD-A73B-01A-12D-A32G-10,
19,21299779,TCGA-CC-A3MA-01A-11D-A20W-10,
9,100616728,TCGA-DD-AAD6-01A-11D-A40R-10,
1,52306079,TCGA-BC-A3KF-01A-11D-A20W-10,
22,38119756,TCGA-CC-A3MA-01A-11D-A20W-10,
19,49657920,TCGA-DD-A39X-01A-11D-A20W-10,
19,21299777,TCGA-DD-AADQ-01A-11D-A40R-10,
1,152086518,TCGA-DD-AACF-01A-11D-A40R-10,
19,4171379,TCGA-RC-A7S9-01A-11D-A33Q-10,
19,4171378,TCGA-DD-AACD-01A-11D-A40R-10,
19,49657916,TCGA-FV-A2QR-01A-11D-A20W-10,
1,152084323,TCGA-DD-AAC9-01A-11D-A40R-10,
2,73613065,TCGA-DD-AACE-01A-11D-A40R-10,
19,21299777,TCGA-BD-A3EP-01A-11D-A22F-10,
4,88534092,TCGA-DD-AACI-01A-11D-A40R-10,
1,52306079,TCGA-CC-A1HT-01A-11D-A12Z-10,
22,38119757,TCGA-DD-A73E-01A-12D-A32G-10,
1,52303276,TCGA-2Y-A9HA-01A-11D-A38X-10,
22,38120263,TCGA-DD-AAE7-01A-11D-A40R-10,
19,49657920,TCGA-G3-A3CG-01A-11D-A20W-10,
7,102575002,TCGA-BD-A3EP-01A-11D-A22F-10,
4,88537513,TCGA-BD-A3EP-01A-11D-A22F-10,
17,38975319,TCGA-DD-AAEE-01A-11D-A40R-10,
2,73679798,TCGA-DD-A3A7-01A-11D-A22F-10,
1,52306079,TCGA-FV-A2QR-01A-11D-A20W-10,
4,88536020,TCGA-FV-A2QQ-01A-11D-A22F-10,
17,38975319,TCGA-DD-AACO-01A-11D-A40R-10,
21,34860757,TCGA-BC-A112-01A-11D-A12Z-10,
2,73678026,TCGA-CC-A5UD-01A-11D-A28X-10,
1,52306125,TCGA-DD-AAVV-01A-11D-A40R-10,
2,73716837,TCGA-DD-A39Z-01A-11D-A20W-10,
1,153907287,TCGA-BD-A3EP-01A-11D-A22F-10,
2,73613036,TCGA-DD-AAVW-01A-11D-A40R-10,
11,65315205,TCGA-FV-A2QR-01A-11D-A20W-10,
2,73613036,TCGA-DD-AADO-01A-11D-A40R-10,
1,52306079,TCGA-G3-A3CG-01A-11D-A20W-10,
22,38120914,TCGA-EP-A26S-01A-11D-A16V-10,
1,52306079,TCGA-CC-A3MA-01A-11D-A20W-10,
1,152080354,TCGA-DD-AAW2-01A-11D-A40P-10,
19,4171711,TCGA-DD-AACI-01A-11D-A40R-10,
4,88537513,TCGA-RG-A7D4-01A-12D-A33Q-10,
1,153907287,TCGA-BC-A3KF-01A-11D-A20W-10,
11,65315205,TCGA-DD-A116-01A-11D-A12Z-10,
19,49657886,TCGA-FV-A2QR-01A-11D-A20W-10,
19,49657916,TCGA-DD-A1EB-01A-11D-A12Z-10,
22,38120691,TCGA-DD-AACA-01A-11D-A40R-10,
4,88533640,TCGA-DD-AADU-01A-11D-A40R-10,
4,88534393,TCGA-DD-A73G-01A-22D-A32G-10,
1,153907287,TCGA-DD-AACF-01A-11D-A40R-10,
1,152084221,TCGA-DD-A4NN-01A-11D-A28X-10,
1,52306079,TCGA-EP-A12J-01A-11D-A12Z-10,
22,38119757,TCGA-DD-A1EB-01A-11D-A12Z-10,
1,52272522,TCGA-DD-A3A7-01A-11D-A22F-10,
2,73613065,TCGA-ZS-A9CG-01A-11D-A36X-10,
7,102584705,TCGA-EP-A2KB-01A-11D-A183-10,
17,38975317,TCGA-DD-AACO-01A-11D-A40R-10,
17,38975889,TCGA-DD-AACK-01A-11D-A40R-10,
4,88537513,TCGA-ZP-A9CY-01A-11D-A382-10,
2,73717941,TCGA-BC-A10U-01A-11D-A12Z-10,
7,102575002,TCGA-G3-A3CG-01A-11D-A20W-10,
21,34860757,TCGA-CC-5263-01A-01D-A12Z-10,
11,65314273,TCGA-K7-AAU7-01A-11D-A382-10,
19,49657916,TCGA-DD-A4NB-01A-12D-A25V-10,
1,152084224,TCGA-DD-AAVU-01A-11D-A40R-10,
19,21299624,TCGA-DD-A3A9-01A-11D-A25V-10,
22,38121212,TCGA-XR-A8TF-01A-11D-A35Z-10,
19,49657916,TCGA-DD-A39X-01A-11D-A20W-10,
17,38975319,TCGA-DD-AAW0-01A-11D-A40R-10,
1,152083976,TCGA-DD-A1EK-01A-11D-A20W-10,
1,153907315,TCGA-FV-A2QR-01A-11D-A20W-10,
1,153913916,TCGA-DD-A1EL-01A-11D-A152-10,
22,38121679,TCGA-2Y-A9H3-01A-11D-A382-10,
1,152083480,TCGA-DD-AADO-01A-11D-A40R-10,
2,73613036,TCGA-DD-AACX-01A-11D-A40R-10,
1,152080637,TCGA-DD-AAD5-01A-11D-A40R-10,
1,153907287,TCGA-FV-A2QR-01A-11D-A20W-10,
1,52306079,TCGA-RC-A6M5-01A-11D-A32G-10,
1,152084224,TCGA-DD-AACN-01A-11D-A40R-10,
2,73613065,TCGA-2Y-A9GY-01A-11D-A382-10,
19,49657916,TCGA-DD-A1EF-01A-11D-A12Z-10,
1,152084221,TCGA-DD-AAVU-01A-11D-A40R-10,
2,73613037,TCGA-ZS-A9CG-01A-11D-A36X-10,
2,73800105,TCGA-DD-A114-01A-11D-A12Z-10,
17,38976377,TCGA-MI-A75C-01A-11D-A32G-10,
1,152080284,TCGA-CC-A5UE-01A-11D-A28X-10,
2,73613065,TCGA-XR-A8TD-01A-12D-A38X-10,
7,102575006,TCGA-DD-A39X-01A-11D-A20W-10,
4,88536436,TCGA-DD-AACL-01A-11D-A40R-10,
22,38119347,TCGA-CC-5258-01A-01D-A12Z-10,
2,73681090,TCGA-DD-A4NO-01A-11D-A28X-10,
9,100616728,TCGA-ED-A97K-01A-21D-A382-10,
4,88537513,TCGA-ZP-A9D0-01A-11D-A36X-10,
1,152084224,TCGA-O8-A75V-01A-11D-A32G-10,
1,152083351,TCGA-ZP-A9D1-01A-11D-A382-10,
1,52289359,TCGA-G3-A3CK-01A-11D-A20W-10,
9,100616728,TCGA-DD-AAE0-01A-11D-A40R-10,
1,152080721,TCGA-5C-A9VG-01A-11D-A36X-10,
4,88536436,TCGA-ZP-A9CY-01A-11D-A382-10,
4,88536436,TCGA-DD-AA3A-01A-11D-A36X-10,
19,4171378,TCGA-DD-AACI-01A-11D-A40R-10,
9,100616728,TCGA-G3-AAV7-01A-11D-A382-10,
4,88537513,TCGA-DD-AACD-01A-11D-A40R-10,
2,73613036,TCGA-DD-AAC9-01A-11D-A40R-10,
2,73680731,TCGA-DD-AADB-01A-11D-A40R-10,
19,49657923,TCGA-DD-A4NB-01A-12D-A25V-10,
1,52306079,TCGA-DD-A39X-01A-11D-A20W-10,
19,21299774,TCGA-BC-A112-01A-11D-A12Z-10,
2,73799982,TCGA-DD-A73F-01A-11D-A32G-10,
17,38975319,TCGA-DD-AAVR-01A-11D-A40R-10,
2,73679731,TCGA-DD-A3A7-01A-11D-A22F-10,
17,38975315,TCGA-ED-A97K-01A-21D-A382-10,
1,152081138,TCGA-G3-A5SI-01A-31D-A27I-10,
11,65306671,TCGA-DD-A3A1-01A-11D-A20W-10,
19,4171378,TCGA-G3-AAV3-01A-11D-A36X-10,
20,62038269,TCGA-50-5946-01A-11D-1753-08,
20,62076647,TCGA-73-4659-01A-01D-1265-08,
20,62076626,TCGA-50-5045-01A-01D-1625-08,
22,24964111,TCGA-49-4494-01A-01D-1265-08,
20,62065167,TCGA-44-3918-01A-01D-1105-08,
22,24964112,TCGA-17-Z025-01A-01W-0746-08,
14,69256498,TCGA-78-7167-01A-11D-2063-08,
14,69256985,TCGA-05-4420-01A-01D-1265-08,
2,39224544,TCGA-95-7948-01A-11D-2184-08,
2,39249779,TCGA-17-Z026-01A-01W-0746-08,
20,62078122,TCGA-55-7576-01A-11D-2063-08,
2,39262581,TCGA-05-4396-01A-21D-1855-08,
14,69256600,TCGA-69-8254-01A-11D-2284-08,
20,62076037,TCGA-44-5644-01A-21D-2036-08,
20,62046267,TCGA-55-6642-01A-11D-1855-08,
19,39924008,TCGA-86-6851-01A-11D-1945-08,
20,62065183,TCGA-86-A4JF-01A-11D-A24P-08,
20,62038193,TCGA-78-7155-01A-11D-2036-08,
20,62046310,TCGA-17-Z026-01A-01W-0746-08,
2,39250136,TCGA-55-7994-01A-11D-2184-08,
11,1605902,TCGA-50-5066-01A-01D-1625-08,
19,39924010,TCGA-86-6851-01A-11D-1945-08,
22,24964112,TCGA-44-7671-01A-11D-2063-08,
2,39281778,TCGA-78-7152-01A-11D-2036-08,
19,39924009,TCGA-86-6851-01A-11D-1945-08,
20,62076693,TCGA-L4-A4E5-01A-11D-A24P-08,
14,69256365,TCGA-73-7498-01A-12D-2184-08,
14,69256951,TCGA-55-7994-01A-11D-2184-08,
11,1605902,TCGA-55-5899-01A-11D-1625-08,
14,69256753,TCGA-78-7159-01A-11D-2036-08,
20,62039866,TCGA-86-8279-01A-11D-2284-08,
20,62046337,TCGA-95-7043-01A-11D-1945-08,
20,62038292,TCGA-78-7542-01A-21D-2063-08,
2,39213261,TCGA-44-A4SS-01A-11D-A24P-08,
19,39924008,TCGA-53-7624-01A-11D-2063-08,
14,69256498,TCGA-38-7271-01A-11D-2036-08,
20,62038061,TCGA-78-7156-01A-11D-2036-08,
20,62038174,TCGA-NJ-A4YI-01A-11D-A25L-08,
11,1606406,TCGA-55-8616-01A-11D-2393-08,
2,39249965,TCGA-44-7667-01A-31D-2063-08,
11,1606012,TCGA-69-7765-01A-11D-2167-08,
11,1606210,TCGA-17-Z004-01A-01W-0746-08,
11,1606150,TCGA-44-2656-01A-02D-0969-08,
11,1605992,TCGA-55-7724-01A-11D-2167-08,
2,39281778,TCGA-50-5068-01A-01D-1625-08,
20,62069998,TCGA-NJ-A4YQ-01A-11D-A25L-08,
11,1606004,TCGA-MP-A4SV-01A-11D-A24P-08,
2,39234206,TCGA-49-6745-01A-11D-1855-08,
2,39250368,TCGA-55-8089-01A-11D-2238-08,
2,39214707,TCGA-17-Z036-01A-01W-0746-08,
2,39240608,TCGA-44-7672-01A-11D-2063-08,
11,1605902,TCGA-55-A491-01A-11D-A24D-08,
14,69256498,TCGA-55-8089-01A-11D-2238-08,
20,62038676,TCGA-75-5126-01A-01D-1753-08,
2,39222290,TCGA-17-Z022-01A-01W-0746-08,
20,62038665,TCGA-05-4418-01A-01D-1265-08,
14,69256990,TCGA-05-4249-01A-01D-1105-08,
20,62046380,TCGA-05-5428-01A-01D-1625-08,
2,39222289,TCGA-17-Z022-01A-01W-0746-08,
20,62071009,TCGA-62-A46R-01A-11D-A24D-08,
20,62071028,TCGA-44-7659-01A-11D-2063-08,
20,62038708,TCGA-91-6840-01A-11D-1945-08,
11,1605902,TCGA-55-8620-01A-11D-2393-08,
22,24964111,TCGA-44-7671-01A-11D-2063-08,
20,62046308,TCGA-17-Z026-01A-01W-0746-08,
14,69256784,TCGA-44-5643-01A-01D-1625-08,
14,69256498,TCGA-55-6712-01A-11D-1855-08,
20,62038704,TCGA-L9-A443-01A-12D-A24D-08,
20,62046273,TCGA-44-3918-01A-01D-1105-08,
2,39281778,TCGA-97-A4M3-01A-11D-A24P-08,
19,3976682,TCGA-FB-AAQ3-01A-11D-A40W-08,
16,84600451,TCGA-IB-A6UG-01A-32D-A33T-08,
1,156777073,TCGA-IB-A5SS-01A-11D-A32N-08,
12,3649855,TCGA-3A-A9IZ-01A-12D-A40W-08,
1,156777073,TCGA-2J-AABP-01A-11D-A40W-08,
1,21806606,TCGA-IB-A7M4-01A-11D-A36O-08,
1,237024423,TCGA-3A-A9IZ-01A-12D-A40W-08,
12,3649787,TCGA-3A-A9IU-01A-11D-A397-08,
16,84600451,TCGA-3A-A9I7-01A-21D-A38G-08,
12,3649787,TCGA-HV-A7OP-01A-11D-A33T-08,
1,156777073,TCGA-2J-AABE-01A-12D-A40W-08,
12,3649787,TCGA-HV-AA8X-01A-11D-A397-08,
12,3649787,TCGA-2L-AAQJ-01A-12D-A397-08,
1,237024423,TCGA-Z5-AAPL-01A-12D-A40W-08,
19,3980040,TCGA-F2-A44G-01A-11D-A26I-08,
16,84600451,TCGA-IB-A6UF-01A-23D-A33T-08,
19,3980040,TCGA-2L-AAQL-01A-11D-A38G-08,
1,237024423,TCGA-2J-AABK-01A-31D-A40W-08,
1,156777073,TCGA-3A-A9IZ-01A-12D-A40W-08,
1,21806606,TCGA-FB-AAPU-01A-31D-A40W-08,
16,75263909,TCGA-QR-A700-01A-11D-A35D-08,
2,46607406,TCGA-SR-A6MV-01A-11D-A35I-08,
2,46607403,TCGA-QR-A7IN-01A-11D-A35D-08,
2,46607406,TCGA-RW-A68D-01A-11D-A35D-08,
2,46607400,TCGA-WB-A821-01A-11D-A35I-08,
2,46607400,TCGA-WB-A814-01A-11D-A35I-08,
1,223438146,TCGA-SP-A6QC-01A-11D-A35I-08,
2,46607403,TCGA-QT-A7U0-01A-11D-A35D-08,
2,46607402,TCGA-QT-A5XL-01A-11D-A35D-08,
2,46607402,TCGA-S7-A7X0-01A-12D-A35I-08,
1,223438145,TCGA-SP-A6QC-01A-11D-A35I-08,
16,75263909,TCGA-QR-A702-01A-11D-A35D-08,
17,40836068,TCGA-XJ-A9DX-01A-11D-A377-08,
17,40847632,TCGA-HC-8266-01A-11D-2260-08,
2,225379456,TCGA-CH-5744-01A-11D-1576-08,
2,225362501,TCGA-QU-A6IL-01A-11D-A31L-08,
19,55086927,TCGA-VN-A88N-01A-11D-A364-08,
2,225371708,TCGA-V1-A9Z7-01A-11D-A41K-08,
19,55086932,TCGA-VN-A88N-01A-11D-A364-08,
19,55086932,TCGA-XK-AAIV-01A-11D-A41K-08,
17,40837076,TCGA-ZG-A9L1-01A-11D-A41K-08,
17,40843294,TCGA-J4-A6M7-01A-11D-A31L-08,
19,55086927,TCGA-XK-AAIV-01A-11D-A41K-08,
17,40847632,TCGA-HC-8265-01A-11D-2260-08,
2,225371708,TCGA-XK-AAJP-01A-11D-A41K-08,
17,40847632,TCGA-HC-8256-01A-11D-2260-08,
14,19553804,TCGA-ER-A19J-06A-11D-A196-08,
6,31940082,TCGA-DA-A1HV-06A-21D-A196-08,
3,183755932,TCGA-EE-A29M-06A-11D-A196-08,
17,28652031,TCGA-D9-A1JW-06A-11D-A19A-08,
19,59012679,TCGA-EE-A20C-06A-11D-A196-08,
14,19553780,TCGA-EE-A20H-06A-11D-A197-08,
14,71134364,TCGA-EE-A2A2-06A-11D-A196-08,
3,183756207,TCGA-D9-A1JW-06A-11D-A19A-08,
1,120337285,TCGA-EE-A2GU-06A-11D-A196-08,
19,59010865,TCGA-EE-A3AG-06A-31D-A196-08,
1,44437691,TCGA-EE-A2GL-06A-11D-A196-08,
1,44437692,TCGA-EE-A2GL-06A-11D-A196-08,
19,47535945,TCGA-D3-A1Q6-06A-11D-A196-08,
1,44437122,TCGA-D3-A2JF-06A-11D-A196-08,
1,120337285,TCGA-ER-A19A-06A-21D-A197-08,
16,24828142,TCGA-EE-A2M6-06A-12D-A197-08,
3,42299709,TCGA-EE-A3JB-06A-11D-A21A-08,
14,19553804,TCGA-DA-A1HY-06A-11D-A19A-08,
16,24831623,TCGA-EE-A2A2-06A-11D-A196-08,
14,19573136,TCGA-EE-A29V-06A-12D-A197-08,
19,59010864,TCGA-EE-A3JI-06A-11D-A21A-08,
14,19573109,TCGA-FS-A1ZZ-06A-11D-A197-08,
16,24817563,TCGA-D9-A149-06A-11D-A196-08,
19,47535945,TCGA-EE-A2MM-06A-11D-A196-08,
2,219449406,TCGA-EE-A2GM-06B-11D-A196-08,
14,19553734,TCGA-EE-A2GC-06A-11D-A197-08,
14,23235899,TCGA-EE-A180-06A-11D-A21A-08,
16,24802181,TCGA-EE-A2GR-06A-11D-A197-08,
14,19563534,TCGA-EE-A20C-06A-11D-A196-08,
19,59010865,TCGA-FS-A4FC-06A-11D-A24R-08,
3,42299634,TCGA-FS-A1ZT-06A-11D-A197-08,
14,19553567,TCGA-EE-A20C-06A-11D-A196-08,
14,71134364,TCGA-FR-A69P-06A-21D-A30X-08,
1,44437122,TCGA-ER-A2NH-06A-11D-A196-08,
2,219447748,TCGA-FS-A1ZU-06A-12D-A196-08,
14,19553567,TCGA-EE-A29S-06A-11D-A197-08,
19,59010865,TCGA-EE-A3JI-06A-11D-A21A-08,
1,153362584,TCGA-EE-A182-06A-11D-A196-08,
3,183756374,TCGA-FS-A1ZA-06A-11D-A197-08,
22,38884057,TCGA-ER-A195-06A-11D-A196-08,
14,23235902,TCGA-EE-A2GB-06A-11D-A197-08,
14,19553789,TCGA-EE-A29M-06A-11D-A196-08,
14,23235899,TCGA-EE-A2MS-06A-11D-A197-08,
14,19553567,TCGA-FS-A4F0-06A-11D-A24R-08,
17,28656313,TCGA-EE-A2MI-06A-11D-A197-08,
1,120337285,TCGA-EE-A29V-06A-12D-A197-08,
17,28651902,TCGA-EE-A3JH-06A-11D-A21A-08,
16,24831582,TCGA-D3-A51T-06A-11D-A25O-08,
19,47548652,TCGA-D3-A5GS-06A-11D-A27K-08,
14,19553789,TCGA-EE-A20H-06A-11D-A197-08,
19,59010864,TCGA-FS-A4FC-06A-11D-A24R-08,
3,42304946,TCGA-GF-A6C8-06A-12D-A30X-08,
14,19553561,TCGA-FS-A1ZP-06A-11D-A197-08,
16,24803029,TCGA-EE-A3AG-06A-31D-A196-08,
3,183756725,TCGA-EE-A2A1-06A-11D-A197-08,
1,153362684,TCGA-FS-A1ZZ-06A-11D-A197-08,
3,42299711,TCGA-EE-A29R-06A-11D-A197-08,
19,59010865,TCGA-D3-A3C7-06A-11D-A196-08,
19,46393958,TCGA-EE-A17Y-06A-11D-A196-08,
19,47535945,TCGA-EE-A2GJ-06A-11D-A196-08,
19,47535937,TCGA-ER-A198-06A-11D-A196-08,
6,31940123,TCGA-EE-A183-06A-11D-A196-08,
12,55038515,TCGA-DA-A3F3-06A-11D-A20D-08,
22,38889753,TCGA-EE-A2GI-06A-11D-A196-08,
14,71134317,TCGA-DA-A1I8-06A-11D-A197-08,
19,59010864,TCGA-GN-A4U4-06A-11D-A32N-08,
19,46393885,TCGA-EE-A2MS-06A-11D-A197-08,
3,42299711,TCGA-EE-A2GJ-06A-11D-A196-08,
1,153362891,TCGA-EE-A3AE-06A-11D-A196-08,
6,31939975,TCGA-EE-A2GI-06A-11D-A196-08,
1,44436352,TCGA-D3-A2JL-06A-11D-A196-08,
2,219447744,TCGA-D3-A51T-06A-11D-A25O-08,
6,31940123,TCGA-EE-A2MG-06A-11D-A197-08,
17,28652031,TCGA-ER-A1A1-06A-11D-A197-08,
14,19553803,TCGA-ER-A19J-06A-11D-A196-08,
22,38891816,TCGA-FS-A1ZA-06A-11D-A197-08,
12,55039462,TCGA-D3-A3MU-06A-11D-A21A-08,
14,23235902,TCGA-D3-A51T-06A-11D-A25O-08,
19,47548651,TCGA-EE-A2MI-06A-11D-A197-08,
2,219449406,TCGA-EE-A29P-06A-11D-A197-08,
16,24831624,TCGA-EE-A2A2-06A-11D-A196-08,
17,73144668,TCGA-EE-A29R-06A-11D-A197-08,
22,38890739,TCGA-EE-A29G-06A-12D-A196-08,
14,19553803,TCGA-EE-A2A5-06A-11D-A197-08,
14,19553567,TCGA-EE-A3J4-06A-11D-A20D-08,
14,19553777,TCGA-EE-A3AH-06A-11D-A196-08,
14,19553734,TCGA-RP-A695-06A-11D-A30X-08,
3,42299711,TCGA-GN-A265-06A-21D-A197-08,
17,79650840,TCGA-EE-A29A-06A-12D-A196-08,
19,47542691,TCGA-FS-A4FC-06A-11D-A24R-08,
19,59011961,TCGA-D3-A51T-06A-11D-A25O-08,
19,47535945,TCGA-EE-A3J5-06A-11D-A20D-08,
3,183755963,TCGA-EE-A29M-06A-11D-A196-08,
14,19553567,TCGA-ER-A19D-06A-11D-A197-08,
2,219449406,TCGA-RP-A694-06A-11D-A30X-08,
19,59010861,TCGA-FS-A1ZK-06A-11D-A197-08,
19,59010878,TCGA-EE-A3AC-06A-11D-A196-08,
14,19553590,TCGA-FS-A1ZZ-06A-11D-A197-08,
6,31940123,TCGA-EE-A3JI-06A-11D-A21A-08,
3,183756374,TCGA-FS-A1ZK-06A-11D-A197-08,
6,31940127,TCGA-FS-A1ZA-06A-11D-A197-08,
17,79650840,TCGA-FS-A1ZT-06A-11D-A197-08,
9,75531868,TCGA-RP-A693-06A-13D-A30X-08,
2,219447751,TCGA-D3-A51G-06A-11D-A25O-08,
22,38894509,TCGA-EE-A2A2-06A-11D-A196-08,
12,55039462,TCGA-EE-A2GC-06A-11D-A197-08,
9,75531873,TCGA-EE-A29S-06A-11D-A197-08,
14,23235899,TCGA-DA-A1IA-06A-11D-A196-08,
1,44437836,TCGA-FS-A4FD-06A-11D-A25O-08,
6,31940123,TCGA-EE-A185-06A-11D-A196-08,
16,24802182,TCGA-EE-A2GR-06A-11D-A197-08,
12,55039462,TCGA-EE-A2M5-06A-12D-A197-08,
7,49842344,TCGA-D3-A1Q4-06A-11D-A196-08,
16,24801035,TCGA-FS-A1ZZ-06A-11D-A197-08,
14,19553749,TCGA-EE-A3J5-06A-11D-A20D-08,
3,183756191,TCGA-EE-A29R-06A-11D-A197-08,
1,153362720,TCGA-ER-A19N-06A-11D-A197-08,
14,19553564,TCGA-EE-A2GI-06A-11D-A196-08,
19,59010864,TCGA-EE-A2A2-06A-11D-A196-08,
1,120342418,TCGA-FS-A1ZD-06A-11D-A197-08,
1,120342462,TCGA-EE-A29H-06A-12D-A197-08,
19,59022257,TCGA-D9-A1JW-06A-11D-A19A-08,
9,75531867,TCGA-EE-A3AC-06A-11D-A196-08,
19,59022207,TCGA-EE-A17X-06A-11D-A197-08,
14,19553712,TCGA-EE-A182-06A-11D-A196-08,
7,49842382,TCGA-FW-A3TU-06A-11D-A23B-08,
1,120337285,TCGA-D3-A3C8-06A-12D-A19A-08,
22,38884057,TCGA-ER-A19F-06A-11D-A196-08,
7,49842315,TCGA-EE-A17Y-06A-11D-A196-08,
9,75531868,TCGA-EE-A3AC-06A-11D-A196-08,
19,59010864,TCGA-EE-A2MS-06A-11D-A197-08,
14,19573136,TCGA-DA-A1HV-06A-21D-A196-08,
14,19553772,TCGA-RP-A695-06A-11D-A30X-08,
3,183756374,TCGA-D3-A3ML-06A-11D-A21A-08,
14,19553804,TCGA-EE-A2MJ-06A-11D-A197-08,
19,59022196,TCGA-EE-A2MS-06A-11D-A197-08,
14,19566060,TCGA-EE-A2GB-06A-11D-A197-08,
7,49842382,TCGA-FS-A1ZM-06A-12D-A197-08,
14,23235881,TCGA-EE-A3JD-06A-11D-A20D-08,
17,79650826,TCGA-D3-A2JF-06A-11D-A196-08,
6,31940120,TCGA-EE-A2GI-06A-11D-A196-08,
2,219449406,TCGA-FR-A3YN-06A-11D-A23B-08,
6,31940093,TCGA-OD-A75X-06A-12D-A32N-08,
7,49842382,TCGA-ER-A2NG-06A-11D-A196-08,
14,19573100,TCGA-DA-A1HV-06A-21D-A196-08,
19,47548460,TCGA-EE-A2GO-06A-11D-A196-08,
7,49842381,TCGA-FS-A1ZM-06A-12D-A197-08,
19,59010865,TCGA-ER-A42L-06A-11D-A24R-08,
16,24802347,TCGA-RP-A693-06A-13D-A30X-08,
22,38884057,TCGA-DA-A1I4-06A-11D-A196-08,
1,153362720,TCGA-FR-A3YO-06A-11D-A23B-08,
2,219449406,TCGA-ER-A19P-06A-11D-A196-08,
22,38902171,TCGA-EE-A2MI-06A-11D-A197-08,
17,73144669,TCGA-EE-A29N-06A-12D-A197-08,
19,59010865,TCGA-GN-A4U4-06A-11D-A32N-08,
14,19573107,TCGA-FS-A1ZZ-06A-11D-A197-08,
14,19553825,TCGA-EE-A3AB-06A-11D-A196-08,
1,153362944,TCGA-QB-A6FS-06A-11D-A30X-08,
6,31939967,TCGA-D9-A3Z3-06A-11D-A23B-08,
9,75531841,TCGA-EE-A3JD-06A-11D-A20D-08,
14,19553789,TCGA-D9-A6E9-06A-12D-A30X-08,
19,46393885,TCGA-DA-A3F5-06A-11D-A20D-08,
22,38884115,TCGA-D3-A5GR-06A-11D-A27K-08,
22,38891910,TCGA-EE-A2GO-06A-11D-A196-08,
19,47542741,TCGA-D3-A2JA-06A-11D-A196-08,
7,49842382,TCGA-FS-A4F0-06A-11D-A24R-08,
6,31940487,TCGA-EE-A2GD-06A-11D-A196-08,
19,47535945,TCGA-EE-A2MD-06A-11D-A197-08,
19,46393958,TCGA-EE-A2GI-06A-11D-A196-08,
3,183756374,TCGA-D3-A5GN-06A-11D-A27K-08,
17,79650840,TCGA-EE-A2GU-06A-11D-A196-08,
17,79650825,TCGA-D3-A2JF-06A-11D-A196-08,
17,79650840,TCGA-ER-A2NC-06A-11D-A197-08,
16,24816999,TCGA-EE-A2GO-06A-11D-A196-08,
19,59012663,TCGA-EE-A2MD-06A-11D-A197-08,
1,153362683,TCGA-FS-A1ZZ-06A-11D-A197-08,
1,153362584,TCGA-EE-A2M5-06A-12D-A197-08,
14,19553789,TCGA-RP-A694-06A-11D-A30X-08,
2,219449406,TCGA-EE-A2GS-06A-12D-A197-08,
16,24817561,TCGA-D3-A51T-06A-11D-A25O-08,
12,81205323,TCGA-BR-A44U-01A-11D-A24D-08,
11,55340006,TCGA-VQ-AA6I-01A-11D-A410-08,
11,77961262,TCGA-IN-AB1V-01A-21D-A410-08,
2,212426795,TCGA-D7-A4Z0-01A-22D-A25D-08,
9,70993145,TCGA-CG-5733-01A-11D-1600-08,
8,104898091,TCGA-BR-A4PD-01A-11D-A25D-08,
13,29855999,TCGA-BR-8360-01A-11D-2340-08,
11,66410965,TCGA-BR-6454-01A-11D-1800-08,
8,105263871,TCGA-D7-6818-01A-11D-1882-08,
2,212576825,TCGA-BR-A4J8-01A-11D-A25D-08,
8,2815301,TCGA-IN-AB1X-01A-11D-A397-08,
5,13729585,TCGA-BR-8382-01A-11D-2394-08,
5,5235251,TCGA-BR-8373-01A-11D-2340-08,
8,2944798,TCGA-KB-A93G-01A-11D-A397-08,
8,2807839,TCGA-D7-6527-01A-11D-1800-08,
8,3087592,TCGA-RD-A7C1-01A-11D-A32N-08,
11,55606858,TCGA-D7-6527-01A-11D-1800-08,
11,6265440,TCGA-D7-5579-01A-01D-1600-08,
17,38324639,TCGA-EQ-8122-01A-11D-2340-08,
13,36748935,TCGA-BR-A4QI-01A-12D-A25D-08,
1,240256749,TCGA-FP-7829-01A-11D-2053-08,
5,13769140,TCGA-R5-A804-01A-11D-A364-08,
5,13919426,TCGA-HU-A4H3-01A-21D-A25D-08,
17,38320029,TCGA-VQ-A92D-01A-11D-A410-08,
17,38319064,TCGA-EQ-8122-01A-11D-2340-08,
11,55606361,TCGA-VQ-AA68-01A-11D-A410-08,
9,16435703,TCGA-BR-8360-01A-11D-2340-08,
1,240555824,TCGA-BR-8297-01A-12D-2340-08,
13,29600629,TCGA-BR-4357-01A-01D-1158-08,
1,248308749,TCGA-D7-A4YU-01A-21D-A25D-08,
5,13717530,TCGA-D7-A6EZ-01A-11D-A31L-08,
5,13719037,TCGA-FP-A8CX-01A-11D-A364-08,
6,72984124,TCGA-BR-A4CR-01A-11D-A24D-08,
5,13923470,TCGA-BR-6852-01A-11D-1882-08,
17,38323756,TCGA-EQ-8122-01A-11D-2340-08,
8,3265646,TCGA-EQ-8122-01A-11D-2340-08,
12,56578895,TCGA-R5-A7ZF-01A-11D-A34U-08,
13,29599208,TCGA-BR-4370-01A-01D-1158-08,
17,38324513,TCGA-BR-8284-01A-11D-2340-08,
7,20685666,TCGA-BR-6457-01A-21D-1800-08,
5,13845022,TCGA-BR-8059-01A-11D-2340-08,
8,3256967,TCGA-BR-8291-01A-11D-2340-08,
8,15480613,TCGA-D7-6524-01A-11D-1800-08,
13,29600876,TCGA-CG-5733-01A-11D-1600-08,
7,20793131,TCGA-BR-4256-01A-01D-1126-08,
17,38325584,TCGA-BR-8284-01A-11D-2340-08,
8,104709365,TCGA-BR-6454-01A-11D-1800-08,
8,104898169,TCGA-HU-8238-01A-11D-2340-08,
17,38325681,TCGA-CD-A487-01A-21D-A24D-08,
8,104898096,TCGA-HU-A4GC-01A-12D-A25D-08,
2,212248608,TCGA-IN-8462-01A-11D-2340-08,
11,55606243,TCGA-VQ-A8P3-01A-11D-A364-08,
15,25220656,TCGA-BR-6453-01A-11D-1800-08,
8,15519705,TCGA-BR-6802-01A-11D-1882-08,
1,152800031,TCGA-BR-A4PD-01A-11D-A25D-08,
2,212589824,TCGA-CG-4469-01A-01D-1158-08,
1,240256759,TCGA-BR-6453-01A-11D-1800-08,
5,13781052,TCGA-BR-8360-01A-11D-2340-08,
5,13871771,TCGA-VQ-A8P3-01A-11D-A364-08,
5,13769199,TCGA-CD-5801-01A-11D-1600-08,
5,5232558,TCGA-BR-8360-01A-11D-2340-08,
1,240374532,TCGA-BR-8485-01A-11D-2394-08,
9,16436325,TCGA-VQ-AA6B-01A-11D-A410-08,
11,6265440,TCGA-D7-6818-01A-11D-1882-08,
9,70993152,TCGA-BR-7703-01A-11D-2053-08,
3,178546038,TCGA-HU-A4H3-01A-21D-A25D-08,
12,81283099,TCGA-CG-4466-01A-01D-1158-08,
11,12315180,TCGA-BR-8081-01A-11D-2340-08,
5,5239960,TCGA-D7-8579-01A-11D-2340-08,
8,88365898,TCGA-RD-A7C1-01A-11D-A32N-08,
8,2966175,TCGA-BR-8289-01A-11D-2340-08,
1,240555839,TCGA-VQ-A8P3-01A-11D-A364-08,
2,212286786,TCGA-BR-8690-01A-11D-2394-08,
11,6265440,TCGA-BR-7197-01A-11D-2201-08,
2,212251753,TCGA-CG-4466-01A-01D-1158-08,
8,104898096,TCGA-BR-6458-01A-11D-1800-08,
19,54664210,TCGA-IN-8663-01A-11D-2394-08,
17,38548548,TCGA-HU-A4G6-01A-11D-A24D-08,
13,29598939,TCGA-HU-A4GC-01A-12D-A25D-08,
5,5319202,TCGA-BR-4369-01A-01D-1158-08,
8,87917328,TCGA-D7-6519-01A-11D-1800-08,
8,104898187,TCGA-CG-5722-01A-21D-1600-08,
2,212248596,TCGA-VQ-A91V-01A-11D-A410-08,
6,73108716,TCGA-BR-8060-01A-11D-2340-08,
11,6265440,TCGA-RD-A7BT-01A-11D-A33T-08,
11,66411100,TCGA-BR-6566-01A-11D-1800-08,
5,13794163,TCGA-IN-A6RL-01A-11D-A32N-08,
11,55606944,TCGA-BR-4371-01A-01D-1158-08,
9,164038,TCGA-F1-A448-01A-11D-A24D-08,
5,13700841,TCGA-BR-6566-01A-11D-1800-08,
5,5303565,TCGA-CG-5733-01A-11D-1600-08,
8,105263950,TCGA-IN-A6RI-01A-11D-A32N-08,
17,38323834,TCGA-BR-8284-01A-11D-2340-08,
11,55340006,TCGA-HU-8604-01A-11D-2394-08,
13,36748951,TCGA-BR-8367-01A-11D-2340-08,
17,38323862,TCGA-EQ-8122-01A-11D-2340-08,
5,5146481,TCGA-HU-A4GH-01A-11D-A24D-08,
12,56572211,TCGA-HF-7131-01A-11D-2053-08,
8,3141799,TCGA-HU-A4G9-01A-11D-A24D-08,
3,178560469,TCGA-BR-8679-01A-11D-2394-08,
2,212251610,TCGA-BR-4256-01A-01D-1126-08,
17,38323862,TCGA-BR-8284-01A-11D-2340-08,
19,16926140,TCGA-B7-5818-01A-11D-1600-08,
9,70993121,TCGA-BR-4370-01A-01D-1158-08,
6,96034484,TCGA-HU-A4G9-01A-11D-A24D-08,
12,81205402,TCGA-D7-A6EV-01A-11D-A31L-08,
6,72806819,TCGA-CG-4469-01A-01D-1158-08,
5,13766090,TCGA-BR-4280-01A-01D-1126-08,
8,104898096,TCGA-CD-8530-01A-11D-2340-08,
9,71002450,TCGA-HU-A4H3-01A-21D-A25D-08,
19,16860348,TCGA-FP-7829-01A-11D-2053-08,
11,55606311,TCGA-IN-A6RJ-01A-21D-A33T-08,
7,20698214,TCGA-HU-A4GP-01A-11D-A25D-08,
17,38319064,TCGA-BR-8284-01A-11D-2340-08,
6,72678732,TCGA-D7-8572-01A-11D-2340-08,
8,104898323,TCGA-D7-5578-01A-01D-1600-08,
20,61468510,TCGA-BR-8679-01A-11D-2394-08,
11,57077351,TCGA-BR-8284-01A-11D-2340-08,
17,38318390,TCGA-EQ-8122-01A-11D-2340-08,
6,72955550,TCGA-BR-4366-01A-01D-1158-08,
17,38458232,TCGA-CD-A487-01A-21D-A24D-08,
3,178560470,TCGA-RD-A8MV-01A-11D-A364-08,
8,104897701,TCGA-IN-A7NU-01A-22D-A34U-08,
8,15605922,TCGA-D7-A4Z0-01A-22D-A25D-08,
1,240370099,TCGA-CG-4440-01A-01D-1158-08,
8,2820840,TCGA-BR-A4PD-01A-11D-A25D-08,
13,29933476,TCGA-D7-6817-01A-11D-1882-08,
5,13811783,TCGA-F1-6874-01A-11D-1882-08,
9,71002420,TCGA-D7-6521-01A-11D-1800-08,
9,178910,TCGA-FP-A4BF-01A-12D-A24D-08,
8,2807839,TCGA-EQ-8122-01A-11D-2340-08,
19,22574473,TCGA-D7-6818-01A-11D-1882-08,
17,38319117,TCGA-CD-A487-01A-21D-A24D-08,
2,212426722,TCGA-CG-4436-01A-01D-1158-08,
5,5232503,TCGA-CG-4438-01A-01D-1158-08,
8,88296940,TCGA-IN-8663-01A-11D-2394-08,
6,72678732,TCGA-CG-4444-01A-01D-1158-08,
8,104898096,TCGA-BR-6453-01A-11D-1800-08,
19,54676754,TCGA-BR-8360-01A-11D-2340-08,
5,13824336,TCGA-D7-6525-01A-11D-1800-08,
12,81205324,TCGA-IN-A6RI-01A-11D-A32N-08,
11,12315438,TCGA-VQ-A8DV-01A-12D-A364-08,
17,38324586,TCGA-EQ-8122-01A-11D-2340-08,
13,29600668,TCGA-BR-8382-01A-11D-2394-08,
8,104898096,TCGA-CD-A48C-01A-11D-A24D-08,
19,54676754,TCGA-BR-8059-01A-11D-2340-08,
8,65509340,TCGA-CD-5798-01A-11D-1600-08,
2,212251789,TCGA-D7-A4YU-01A-21D-A25D-08,
20,61464391,TCGA-R5-A7ZI-01A-11D-A34U-08,
5,13729648,TCGA-BR-6458-01A-11D-1800-08,
19,22585671,TCGA-HU-A4H4-01A-21D-A25D-08,
13,29608075,TCGA-VQ-A8P3-01A-11D-A364-08,
17,38319064,TCGA-CD-A487-01A-21D-A24D-08,
11,77937657,TCGA-BR-A4CR-01A-11D-A24D-08,
8,105257239,TCGA-BR-8364-01A-11D-2340-08,
5,13753603,TCGA-CD-5804-01A-12D-2053-08,
11,62400952,TCGA-HU-A4GP-01A-11D-A25D-08,
2,212251665,TCGA-CD-8524-01A-11D-2340-08,
19,54676754,TCGA-BR-8367-01A-11D-2340-08,
1,240370433,TCGA-D7-A4Z0-01A-22D-A25D-08,
5,13717570,TCGA-BR-8284-01A-11D-2340-08,
15,25222082,TCGA-HU-8604-01A-11D-2394-08,
8,15601095,TCGA-CG-5727-01A-11D-1600-08,
7,20685666,TCGA-CD-8535-01A-11D-2340-08,
13,29600969,TCGA-BR-8081-01A-11D-2340-08,
17,38324513,TCGA-CD-A487-01A-21D-A24D-08,
6,72892074,TCGA-BR-8368-01A-11D-2340-08,
6,96034484,TCGA-BR-8368-01A-11D-2340-08,
8,2820743,TCGA-CD-A48A-01A-12D-A24D-08,
8,2836245,TCGA-B7-5818-01A-11D-1600-08,
5,5232488,TCGA-VQ-AA64-01A-11D-A410-08,
19,54676754,TCGA-BR-8370-01A-11D-2340-08,
8,15517142,TCGA-HU-8243-01A-11D-2340-08,
8,3253782,TCGA-CG-4469-01A-01D-1158-08,
6,153019200,TCGA-VQ-A91V-01A-11D-A410-08,
19,16860087,TCGA-FP-8209-01A-11D-2340-08,
8,88296938,TCGA-VQ-A8PK-01A-12D-A410-08,
2,212286760,TCGA-F1-6874-01A-11D-1882-08,
8,15480610,TCGA-CD-8524-01A-11D-2340-08,
8,88365898,TCGA-BR-A4QM-01A-12D-A25D-08,
3,178560462,TCGA-HU-A4GP-01A-11D-A25D-08,
2,212483973,TCGA-CD-8536-01A-11D-2340-08,
6,96034832,TCGA-HU-A4G9-01A-11D-A24D-08,
13,29933476,TCGA-BR-A4QI-01A-12D-A25D-08,
5,5232586,TCGA-BR-8382-01A-11D-2394-08,
8,65527633,TCGA-BR-7703-01A-11D-2053-08,
8,15519792,TCGA-FP-8631-01A-11D-2394-08,
8,2832041,TCGA-BR-8080-01A-11D-2340-08,
8,2820838,TCGA-D7-A4YX-01A-11D-A25D-08,
5,13769199,TCGA-D7-A4Z0-01A-22D-A25D-08,
13,36748937,TCGA-BR-8297-01A-12D-2340-08,
7,20793071,TCGA-BR-7716-01A-21D-2053-08,
2,212812259,TCGA-VQ-A91U-01A-11D-A410-08,
8,104940099,TCGA-BR-7959-01A-11D-2340-08,
8,3224595,TCGA-HU-A4H3-01A-21D-A25D-08,
9,16436012,TCGA-BR-8286-01A-12D-2340-08,
1,248308867,TCGA-B7-A5TJ-01A-11D-A31L-08,
11,12316180,TCGA-CD-5804-01A-12D-2053-08,
2,212251754,TCGA-BR-7901-01A-11D-2201-08,
11,12316167,TCGA-BR-8289-01A-11D-2340-08,
6,72984062,TCGA-HU-8244-01A-11D-2340-08,
11,57077358,TCGA-VQ-A91Q-01A-12D-A410-08,
8,2823471,TCGA-D7-6818-01A-11D-1882-08,
8,105261784,TCGA-BR-8485-01A-11D-2394-08,
12,56559122,TCGA-HU-8243-01A-11D-2340-08,
15,25222131,TCGA-CG-4469-01A-01D-1158-08,
11,6261463,TCGA-BR-4363-01A-01D-1158-08,
5,13864531,TCGA-BR-8485-01A-11D-2394-08,
5,13735305,TCGA-BR-8060-01A-11D-2340-08,
1,240555824,TCGA-BR-6453-01A-11D-1800-08,
11,77936163,TCGA-BR-6566-01A-11D-1800-08,
13,36776016,TCGA-HU-A4G9-01A-11D-A24D-08,
3,178546118,TCGA-BR-7197-01A-11D-2201-08,
2,212426722,TCGA-VQ-AA68-01A-11D-A410-08,
17,38324639,TCGA-CD-A487-01A-21D-A24D-08,
17,38324586,TCGA-BR-8284-01A-11D-2340-08,
8,104955056,TCGA-CD-8535-01A-11D-2340-08,
11,57080878,TCGA-D7-8572-01A-11D-2340-08,
19,16918918,TCGA-CD-A48C-01A-11D-A24D-08,
11,62400952,TCGA-D7-8573-01A-11D-2340-08,
5,13769145,TCGA-BR-8380-01A-11D-2340-08,
5,13719115,TCGA-D7-A4YY-01A-11D-A25D-08,
19,22574432,TCGA-D7-6818-01A-11D-1882-08,
12,56568472,TCGA-BR-7901-01A-11D-2201-08,
2,212248779,TCGA-BR-8485-01A-11D-2394-08,
1,248309375,TCGA-BR-8687-01A-11D-2394-08,
1,240519138,TCGA-VQ-AA68-01A-11D-A410-08,
3,178560470,TCGA-D7-6818-01A-11D-1882-08,
13,29600665,TCGA-R5-A7ZI-01A-11D-A34U-08,
8,3611465,TCGA-BR-8360-01A-11D-2340-08,
8,65528338,TCGA-CG-4465-01A-01D-1158-08,
1,248308867,TCGA-HU-A4G3-01A-11D-A24D-08,
11,12345546,TCGA-CD-5801-01A-11D-1600-08,
5,13841082,TCGA-HU-A4H2-01A-11D-A25D-08,
8,2830805,TCGA-HU-A4GF-01A-11D-A24D-08,
8,3611558,TCGA-IN-A6RN-01A-12D-A33T-08,
13,36776025,TCGA-BR-A4PD-01A-11D-A25D-08,
8,105263283,TCGA-CG-5733-01A-11D-1600-08,
8,104513161,TCGA-CD-A4MJ-01A-11D-A25D-08,
5,5237184,TCGA-D7-8576-01A-11D-2340-08,
8,15517040,TCGA-IN-A7NR-01A-11D-A34U-08,
17,38318075,TCGA-BR-A44U-01A-11D-A24D-08,
2,212288966,TCGA-D7-6820-01A-11D-1882-08,
8,2949052,TCGA-BR-6453-01A-11D-1800-08,
8,65509449,TCGA-D7-5579-01A-01D-1600-08,
11,57068391,TCGA-BR-8382-01A-11D-2394-08,
17,38323766,TCGA-D7-8579-01A-11D-2340-08,
19,16860087,TCGA-BR-8077-01A-11D-2340-08,
8,15519706,TCGA-BR-8590-01A-11D-2394-08,
11,62397125,TCGA-D7-A4YY-01A-11D-A25D-08,
6,153042975,TCGA-IN-A6RP-01A-21D-A33T-08,
1,152800031,TCGA-BR-A452-01A-91D-A25D-08,
5,13809168,TCGA-F1-6874-01A-11D-1882-08,
8,65536991,TCGA-BR-4369-01A-01D-1158-08,
9,16436006,TCGA-VQ-A8DT-01A-11D-A364-08,
8,3565996,TCGA-VQ-AA68-01A-11D-A410-08,
1,240256750,TCGA-CG-5719-01A-11D-1600-08,
6,72596855,TCGA-D7-A6F0-01A-11D-A31L-08,
13,29601027,TCGA-BR-7704-01A-11D-2053-08,
15,25222974,TCGA-B7-5818-01A-11D-1600-08,
9,16435946,TCGA-CD-8524-01A-11D-2340-08,
8,65517264,TCGA-VQ-AA6A-01A-11D-A410-08,
5,13714645,TCGA-IN-A6RS-01A-12D-A34U-08,
19,54676754,TCGA-CD-8530-01A-11D-2340-08,
19,54676754,TCGA-D7-8574-01A-13D-2340-08,
7,19184535,TCGA-HU-A4GP-01A-11D-A25D-08,
6,72984077,TCGA-D7-8570-01A-11D-2340-08,
8,65527645,TCGA-D7-6818-01A-11D-1882-08,
19,16860087,TCGA-FP-8211-01A-11D-2340-08,
8,104934010,TCGA-BR-8060-01A-11D-2340-08,
5,5200343,TCGA-BR-4191-01A-02D-1126-08,
7,19184648,TCGA-D7-A6EV-01A-11D-A31L-08,
5,5239336,TCGA-SW-A7EA-01A-12D-A34U-08,
9,16435990,TCGA-BR-4280-01A-01D-1126-08,
11,66407488,TCGA-HU-A4H4-01A-21D-A25D-08,
5,13824440,TCGA-BR-8286-01A-12D-2340-08,
12,81331469,TCGA-BR-6566-01A-11D-1800-08,
19,54676754,TCGA-D7-8572-01A-11D-2340-08,
5,13944508,TCGA-BR-A4IY-01A-11D-A25D-08,
8,88365898,TCGA-BR-4366-01A-01D-1158-08,
6,72889429,TCGA-D7-A747-01A-22D-A33T-08,
7,20668315,TCGA-D7-A4YX-01A-11D-A25D-08,
2,212587166,TCGA-R5-A805-01A-11D-A364-08,
7,19184942,TCGA-BR-8485-01A-11D-2394-08,
8,65527756,TCGA-VQ-AA6I-01A-11D-A410-08,
19,54676754,TCGA-D7-8576-01A-11D-2340-08,
8,105026758,TCGA-CD-5801-01A-11D-1600-08,
17,38458232,TCGA-BR-8284-01A-11D-2340-08,
5,13717530,TCGA-CD-5798-01A-11D-1600-08,
5,13817727,TCGA-BR-6852-01A-11D-1882-08,
8,15601051,TCGA-B7-A5TI-01A-11D-A31L-08,
8,2820779,TCGA-CG-4462-01A-01D-1158-08,
13,36776025,TCGA-IN-A6RI-01A-11D-A32N-08,
17,38560458,TCGA-CG-5725-01A-11D-1600-08,
8,3432554,TCGA-D7-5578-01A-01D-1600-08,
5,13928247,TCGA-BR-4363-01A-01D-1158-08,
12,56559402,TCGA-BR-8060-01A-11D-2340-08,
9,16437105,TCGA-CG-5724-01A-11D-1600-08,
5,13751329,TCGA-BR-8485-01A-11D-2394-08,
9,16436469,TCGA-CD-A48C-01A-11D-A24D-08,
9,16436586,TCGA-CG-4466-01A-01D-1158-08,
8,2806830,TCGA-BR-8297-01A-12D-2340-08,
1,240256612,TCGA-CD-A4MI-01A-21D-A25D-08,
8,104922393,TCGA-VQ-A92D-01A-11D-A410-08,
8,88365898,TCGA-D7-6528-01A-11D-1800-08,
12,56559122,TCGA-CD-8526-01A-11D-2340-08,
8,104898052,TCGA-HU-A4GP-01A-11D-A25D-08,
8,104898169,TCGA-BR-A4QM-01A-12D-A25D-08,
5,5232611,TCGA-BR-8081-01A-11D-2340-08,
8,104898096,TCGA-CG-4469-01A-01D-1158-08,
19,16860087,TCGA-CD-8528-01A-11D-2340-08,
5,13794139,TCGA-EQ-A4SO-01A-11D-A25D-08,
11,57077351,TCGA-D7-8573-01A-11D-2340-08,
5,13913929,TCGA-CG-5733-01A-11D-1600-08,
2,212483974,TCGA-D7-A4Z0-01A-22D-A25D-08,
11,62400952,TCGA-BR-8284-01A-11D-2340-08,
19,22574985,TCGA-BR-A4CR-01A-11D-A24D-08,
2,212566700,TCGA-CD-5801-01A-11D-1600-08,
2,212285296,TCGA-BR-4280-01A-01D-1126-08,
13,29601027,TCGA-RD-A7C1-01A-11D-A32N-08,
13,36764191,TCGA-CD-8525-01A-11D-2340-08,
8,65536986,TCGA-D7-A4YU-01A-21D-A25D-08,
8,3165968,TCGA-CG-4477-01A-01D-1158-08,
2,212295795,TCGA-CD-5813-01A-11D-1600-08,
8,105261792,TCGA-F1-6874-01A-11D-1882-08,
5,13771038,TCGA-BR-7717-01A-11D-2053-08,
19,16918624,TCGA-B7-5818-01A-11D-1600-08,
8,104922413,TCGA-CD-8536-01A-11D-2340-08,
5,5191803,TCGA-EQ-A4SO-01A-11D-A25D-08,
9,71098810,TCGA-CG-4462-01A-01D-1158-08,
5,13829731,TCGA-HU-A4GC-01A-12D-A25D-08,
15,25220656,TCGA-FP-A4BF-01A-12D-A24D-08,
5,13752383,TCGA-BR-8059-01A-11D-2340-08,
5,13717530,TCGA-BR-8485-01A-11D-2394-08,
6,72892026,TCGA-RD-A7BW-01A-11D-A32N-08,
7,20793081,TCGA-CD-8527-01A-11D-2340-08,
11,77937657,TCGA-BR-A4CS-01A-11D-A24D-08,
5,13885264,TCGA-D7-6521-01A-11D-1800-08,
11,57077309,TCGA-CG-4437-01A-01D-1800-08,
5,13708285,TCGA-VQ-AA6J-01A-11D-A410-08,
8,104924394,TCGA-IN-A6RR-01A-12D-A32N-08,
6,72678732,TCGA-CG-4436-01A-01D-1158-08,
5,13751364,TCGA-BR-6458-01A-11D-1800-08,
11,55606937,TCGA-FP-A8CX-01A-11D-A364-08,
11,77937657,TCGA-BR-8483-01A-31D-2394-08,
5,5239336,TCGA-BR-7197-01A-11D-2201-08,
7,19184940,TCGA-D7-5579-01A-01D-1600-08,
19,22575731,TCGA-CD-8536-01A-11D-2340-08,
8,2823423,TCGA-BR-8370-01A-11D-2340-08,
8,104898169,TCGA-CG-4436-01A-01D-1158-08,
1,248308867,TCGA-BR-8384-01A-21D-2394-08,
13,36748981,TCGA-CD-8536-01A-11D-2340-08,
8,2857642,TCGA-D7-6822-01A-11D-1882-08,
2,212522548,TCGA-BR-8679-01A-11D-2394-08,
9,164038,TCGA-CG-5733-01A-11D-1600-08,
5,5303848,TCGA-BR-4369-01A-01D-1158-08,
8,65527645,TCGA-CD-8535-01A-11D-2340-08,
11,6261463,TCGA-D7-A4YV-01A-11D-A25D-08,
11,57077351,TCGA-CD-8532-01A-11D-2340-08,
8,3256965,TCGA-D7-5579-01A-01D-1600-08,
17,38323782,TCGA-BR-8284-01A-11D-2340-08,
8,2830689,TCGA-BR-4256-01A-01D-1126-08,
11,55340531,TCGA-BR-4280-01A-01D-1126-08,
8,2944709,TCGA-CG-4469-01A-01D-1158-08,
11,12315180,TCGA-D7-8573-01A-11D-2340-08,
9,16738427,TCGA-VQ-AA69-01A-11D-A410-08,
17,38323785,TCGA-BR-8284-01A-11D-2340-08,
5,13865950,TCGA-RD-A8N9-01A-12D-A397-08,
11,55339628,TCGA-CG-4477-01A-01D-1158-08,
8,2820858,TCGA-D7-5577-01A-01D-1600-08,
8,104898306,TCGA-BR-8371-01A-11D-2340-08,
5,5303392,TCGA-BR-4280-01A-01D-1126-08,
17,38447833,TCGA-D7-6518-01A-11D-1800-08,
11,66411375,TCGA-F1-6874-01A-11D-1882-08,
19,22574931,TCGA-CG-4444-01A-01D-1158-08,
6,73023357,TCGA-D7-A6EZ-01A-11D-A31L-08,
11,62400952,TCGA-HU-8243-01A-11D-2340-08,
5,5306762,TCGA-BR-8382-01A-11D-2394-08,
11,55340006,TCGA-F1-A448-01A-11D-A24D-08,
8,2855667,TCGA-IN-A6RL-01A-11D-A32N-08,
8,87878811,TCGA-VQ-A8DU-01A-11D-A364-08,
11,55606243,TCGA-D7-A6EV-01A-11D-A31L-08,
8,2832067,TCGA-CD-8536-01A-11D-2340-08,
11,12315408,TCGA-BR-4363-01A-01D-1158-08,
8,15601103,TCGA-BR-7703-01A-11D-2053-08,
2,212566719,TCGA-BR-8295-01A-11D-2340-08,
2,212543834,TCGA-BR-8370-01A-11D-2340-08,
19,16860328,TCGA-BR-6852-01A-11D-1882-08,
17,38560458,TCGA-VQ-A8DL-01A-11D-A364-08,
8,15480646,TCGA-BR-6457-01A-21D-1800-08,
1,152800124,TCGA-BR-8059-01A-11D-2340-08,
5,13824402,TCGA-BR-8485-01A-11D-2394-08,
9,16436469,TCGA-D7-6525-01A-11D-1800-08,
2,212615400,TCGA-BR-7703-01A-11D-2053-08,
1,240555817,TCGA-D7-6527-01A-11D-1800-08,
12,81283099,TCGA-BR-8485-01A-11D-2394-08,
5,13864542,TCGA-B7-5818-01A-11D-1600-08,
1,240371492,TCGA-IN-8462-01A-11D-2340-08,
8,104898126,TCGA-IN-7808-01A-11D-2201-08,
5,13708305,TCGA-BR-4357-01A-01D-1158-08,
8,3263657,TCGA-IN-7806-01A-11D-2053-08,
19,22585671,TCGA-RD-A7BT-01A-11D-A33T-08,
13,36748962,TCGA-CG-4465-01A-01D-1158-08,
11,6265493,TCGA-BR-A4IY-01A-11D-A25D-08,
2,212652850,TCGA-VQ-A8PK-01A-12D-A410-08,
8,88365898,TCGA-CD-A48C-01A-11D-A24D-08,
2,212251754,TCGA-BR-8590-01A-11D-2394-08,
9,70993145,TCGA-BR-8081-01A-11D-2340-08,
8,104898091,TCGA-VQ-A91V-01A-11D-A410-08,
5,5186212,TCGA-BR-A4QI-01A-12D-A25D-08,
13,30072657,TCGA-CG-5733-01A-11D-1600-08,
6,153043291,TCGA-FP-8099-01A-11D-2340-08,
9,164038,TCGA-CD-A4MJ-01A-11D-A25D-08,
8,15480646,TCGA-D7-A4Z0-01A-22D-A25D-08,
19,22585671,TCGA-D7-6526-01A-11D-1800-08,
13,36767772,TCGA-HU-A4H2-01A-11D-A25D-08,
8,65528708,TCGA-BR-8059-01A-11D-2340-08,
19,16860012,TCGA-VQ-AA69-01A-11D-A410-08,
9,16419583,TCGA-BR-8382-01A-11D-2394-08,
5,13919406,TCGA-CG-5720-01A-11D-1600-08,
8,3087592,TCGA-CD-A487-01A-21D-A24D-08,
17,38546403,TCGA-CG-4443-01A-01D-1158-08,
8,88365898,TCGA-HU-A4GH-01A-11D-A24D-08,
8,3855585,TCGA-CD-8535-01A-11D-2340-08,
5,5237162,TCGA-BR-8679-01A-11D-2394-08,
11,12315225,TCGA-BR-4280-01A-01D-1126-08,
5,13717530,TCGA-BR-8286-01A-12D-2340-08,
2,212488720,TCGA-BR-7958-01A-21D-2340-08,
17,38319117,TCGA-EQ-8122-01A-11D-2340-08,
8,105025741,TCGA-BR-8368-01A-11D-2340-08,
9,16419500,TCGA-VQ-AA68-01A-11D-A410-08,
13,29601027,TCGA-VQ-A8P3-01A-11D-A364-08,
19,54676754,TCGA-BR-8371-01A-11D-2340-08,
11,55340006,TCGA-D7-5578-01A-01D-1600-08,
8,3565996,TCGA-CD-A48C-01A-11D-A24D-08,
9,70993145,TCGA-CD-8536-01A-11D-2340-08,
5,13830781,TCGA-R5-A7O7-01A-11D-A33T-08,
1,240371471,TCGA-BR-6566-01A-11D-1800-08,
17,38323834,TCGA-EQ-8122-01A-11D-2340-08,
19,22586215,TCGA-BR-A4PD-01A-11D-A25D-08,
5,13922344,TCGA-BR-6454-01A-11D-1800-08,
3,178560673,TCGA-D7-8579-01A-11D-2340-08,
19,16860087,TCGA-BR-7197-01A-11D-2201-08,
6,73100419,TCGA-CG-5720-01A-11D-1600-08,
8,2800106,TCGA-IN-A6RR-01A-12D-A32N-08,
19,16860087,TCGA-HU-A4G6-01A-11D-A24D-08,
8,2967802,TCGA-BR-A4IY-01A-11D-A25D-08,
5,5242289,TCGA-D7-6522-01A-11D-1800-08,
8,104930678,TCGA-D7-8579-01A-11D-2340-08,
5,13762852,TCGA-CD-A48C-01A-11D-A24D-08,
8,2836280,TCGA-BR-6566-01A-11D-1800-08,
5,13701516,TCGA-BR-7196-01A-11D-2053-08,
12,56574790,TCGA-CG-4443-01A-01D-1158-08,
8,105260951,TCGA-BR-6453-01A-11D-1800-08,
11,55339863,TCGA-IN-A6RO-01A-12D-A33T-08,
8,65527645,TCGA-BR-8483-01A-31D-2394-08,
8,3087592,TCGA-CD-8527-01A-11D-2340-08,
5,13786317,TCGA-CG-4441-01A-01D-1800-08,
6,72596740,TCGA-BR-6566-01A-11D-1800-08,
15,25220656,TCGA-D7-A747-01A-22D-A33T-08,
8,104709417,TCGA-HU-A4H3-01A-21D-A25D-08,
11,55606243,TCGA-BR-8297-01A-12D-2340-08,
8,15480646,TCGA-D7-6818-01A-11D-1882-08,
11,55606243,TCGA-BR-8687-01A-11D-2394-08,
6,73102406,TCGA-BR-4279-01A-01D-1126-08,
8,2976083,TCGA-SW-A7EA-01A-12D-A34U-08,
7,20685666,TCGA-D7-A4Z0-01A-22D-A25D-08,
2,212251872,TCGA-CD-A48A-01A-12D-A24D-08,
17,38562635,TCGA-BR-4256-01A-01D-1126-08,
17,38325584,TCGA-CD-A487-01A-21D-A24D-08,
8,104930682,TCGA-CD-8529-01A-11D-2340-08,
19,16872810,TCGA-BR-7717-01A-11D-2053-08,
6,153019200,TCGA-CG-4469-01A-01D-1158-08,
11,57077351,TCGA-CD-8526-01A-11D-2340-08,
9,70993145,TCGA-BR-8368-01A-11D-2340-08,
8,88365898,TCGA-BR-7901-01A-11D-2201-08,
6,73043512,TCGA-D7-A74A-01A-11D-A32N-08,
19,16860087,TCGA-BR-8371-01A-11D-2340-08,
9,16419550,TCGA-BR-A4J5-01A-21D-A25D-08,
2,212285296,TCGA-HF-7134-01A-11D-2053-08,
6,72678732,TCGA-B7-A5TJ-01A-11D-A31L-08,
12,81283099,TCGA-D7-6525-01A-11D-1800-08,
11,62394519,TCGA-FP-7735-01A-11D-2053-08,
1,240555838,TCGA-BR-6457-01A-21D-1800-08,
17,38560458,TCGA-CG-4477-01A-01D-1158-08,
19,16884108,TCGA-BR-A4QI-01A-12D-A25D-08,
17,38325584,TCGA-EQ-8122-01A-11D-2340-08,
1,240371484,TCGA-D7-A4YU-01A-21D-A25D-08,
5,13727761,TCGA-IN-A6RL-01A-11D-A32N-08,
8,104898096,TCGA-D7-5578-01A-01D-1600-08,
8,104898189,TCGA-R5-A7ZI-01A-11D-A34U-08,
19,16860087,TCGA-BR-8081-01A-11D-2340-08,
13,29598991,TCGA-BR-4256-01A-01D-1126-08,
17,38560458,TCGA-KB-A93J-01A-11D-A397-08,
8,105263313,TCGA-CG-4466-01A-01D-1158-08,
2,212426722,TCGA-VQ-A8E7-01B-11D-A410-08,
9,16436469,TCGA-CD-8524-01A-11D-2340-08,
8,88365873,TCGA-HU-A4HD-01A-11D-A25D-08,
11,12315180,TCGA-BR-8360-01A-11D-2340-08,
11,57080070,TCGA-BR-8382-01A-11D-2394-08,
8,3855488,TCGA-CG-4469-01A-01D-1158-08,
20,61468581,TCGA-R5-A7ZI-01A-11D-A34U-08,
17,38325681,TCGA-BR-8284-01A-11D-2340-08,
8,104898096,TCGA-BR-A4PE-01A-31D-A25D-08,
11,12315180,TCGA-D7-8574-01A-13D-2340-08,
8,104948824,TCGA-CD-A48A-01A-12D-A24D-08,
11,12315180,TCGA-FP-8209-01A-11D-2340-08,
2,212248599,TCGA-D7-A4Z0-01A-22D-A25D-08,
17,38325681,TCGA-EQ-8122-01A-11D-2340-08,
8,3253803,TCGA-CG-5724-01A-11D-1600-08,
6,153019200,TCGA-BR-8485-01A-11D-2394-08,
5,13716678,TCGA-BR-8373-01A-11D-2340-08,
6,72892034,TCGA-BR-8368-01A-11D-2340-08,
9,70993145,TCGA-BR-8382-01A-11D-2394-08,
20,61460839,TCGA-CD-8536-01A-11D-2340-08,
8,3087591,TCGA-BR-A4PE-01A-31D-A25D-08,
1,248309140,TCGA-CD-A48C-01A-11D-A24D-08,
19,16860087,TCGA-CD-8529-01A-11D-2340-08,
17,38324586,TCGA-CD-A487-01A-21D-A24D-08,
13,30077317,TCGA-D7-8576-01A-11D-2340-08,
11,55340243,TCGA-CG-4469-01A-01D-1158-08,
11,66411193,TCGA-BR-7901-01A-11D-2201-08,
1,248309098,TCGA-HU-A4G9-01A-11D-A24D-08,
9,70993145,TCGA-HU-A4G9-01A-11D-A24D-08,
7,19184940,TCGA-BR-6566-01A-11D-1800-08,
8,3200843,TCGA-BR-6457-01A-21D-1800-08,
8,104987701,TCGA-HU-8604-01A-11D-2394-08,
13,36776025,TCGA-CD-A489-01A-11D-A24D-08,
6,72967833,TCGA-B7-5818-01A-11D-1600-08,
5,13823445,TCGA-VQ-A8DT-01A-11D-A364-08,
8,88365898,TCGA-HU-8238-01A-11D-2340-08,
8,65509467,TCGA-CD-A487-01A-21D-A24D-08,
5,5239960,TCGA-VQ-AA6A-01A-11D-A410-08,
11,66407528,TCGA-BR-7703-01A-11D-2053-08,
5,13736033,TCGA-BR-8297-01A-12D-2340-08,
5,13766224,TCGA-KB-A93G-01A-11D-A397-08,
1,240555835,TCGA-D7-A4Z0-01A-22D-A25D-08,
3,178560470,TCGA-BR-4369-01A-01D-1158-08,
8,87951921,TCGA-BR-4256-01A-01D-1126-08,
8,3038632,TCGA-CG-4469-01A-01D-1158-08,
8,104898339,TCGA-CG-4462-01A-01D-1158-08,
11,62400952,TCGA-CD-8534-01A-11D-2340-08,
11,77937657,TCGA-FP-A4BF-01A-12D-A24D-08,
11,77937662,TCGA-CD-A487-01A-21D-A24D-08,
19,22575670,TCGA-HF-7134-01A-11D-2053-08,
8,104898091,TCGA-BR-6453-01A-11D-1800-08,
6,72957723,TCGA-D7-6822-01A-11D-1882-08,
5,13885290,TCGA-KB-A93G-01A-11D-A397-08,
13,36776025,TCGA-BR-8485-01A-11D-2394-08,
5,13786338,TCGA-B7-A5TJ-01A-11D-A31L-08,
8,2796225,TCGA-CG-4469-01A-01D-1158-08,
5,13844951,TCGA-CD-5804-01A-12D-2053-08,
5,5239336,TCGA-CG-4437-01A-01D-1800-08,
1,248309230,TCGA-IN-A7NU-01A-22D-A34U-08,
19,16860087,TCGA-CD-8534-01A-11D-2340-08,
8,105263384,TCGA-BR-4369-01A-01D-1158-08,
8,2832075,TCGA-CG-4469-01A-01D-1158-08,
8,3253866,TCGA-VQ-A91V-01A-11D-A410-08,
5,13829793,TCGA-BR-7703-01A-11D-2053-08,
8,65527645,TCGA-D7-A747-01A-22D-A33T-08,
1,248308897,TCGA-BR-7723-01A-11D-2053-08,
19,16860087,TCGA-HU-A4GY-01A-21D-A24D-08,
6,72889501,TCGA-MX-A663-01A-11D-A31L-08,
17,38318390,TCGA-BR-8284-01A-11D-2340-08,
8,15605922,TCGA-D7-A6EV-01A-11D-A31L-08,
9,70993145,TCGA-D7-A4YV-01A-11D-A25D-08,
17,38458232,TCGA-EQ-8122-01A-11D-2340-08,
1,240256644,TCGA-D7-6518-01A-11D-1800-08,
17,38450635,TCGA-CD-8529-01A-11D-2340-08,
1,248308649,TCGA-BR-8686-01A-11D-2394-08,
17,38450261,TCGA-HJ-7597-01A-21D-2201-08,
11,77937662,TCGA-BR-A4CS-01A-11D-A24D-08,
8,65537035,TCGA-VQ-A8PE-01A-11D-A410-08,
1,240555839,TCGA-BR-8679-01A-11D-2394-08,
13,29855958,TCGA-BR-8679-01A-11D-2394-08,
8,2964055,TCGA-CD-8527-01A-11D-2340-08,
8,2807833,TCGA-BR-7958-01A-21D-2340-08,
19,16860087,TCGA-CD-8524-01A-11D-2340-08,
1,240255526,TCGA-R5-A805-01A-11D-A364-08,
9,164038,TCGA-BR-6566-01A-11D-1800-08,
5,13793818,TCGA-CG-5716-01A-21D-1800-08,
13,29933476,TCGA-BR-7959-01A-11D-2340-08,
8,87899806,TCGA-BR-4369-01A-01D-1158-08,
9,16436468,TCGA-BR-8370-01A-11D-2340-08,
5,5303727,TCGA-BR-8382-01A-11D-2394-08,
11,6265554,TCGA-FP-8631-01A-11D-2394-08,
1,248309088,TCGA-CG-4444-01A-01D-1158-08,
8,104955138,TCGA-BR-4371-01A-01D-1158-08,
17,38319117,TCGA-BR-8284-01A-11D-2340-08,
5,13919307,TCGA-BR-8059-01A-11D-2340-08,
11,77937657,TCGA-CD-A487-01A-21D-A24D-08,
17,38324639,TCGA-BR-8284-01A-11D-2340-08,
8,104898169,TCGA-IN-A6RI-01A-11D-A32N-08,
5,5187859,TCGA-CD-A48A-01A-12D-A24D-08,
13,29608101,TCGA-IN-8663-01A-11D-2394-08,
6,96034484,TCGA-CD-A4MI-01A-21D-A25D-08,
2,212248599,TCGA-BR-7197-01A-11D-2201-08,
17,38545839,TCGA-BR-8483-01A-31D-2394-08,
19,16860087,TCGA-BR-8367-01A-11D-2340-08,
11,6260939,TCGA-BR-8382-01A-11D-2394-08,
5,5239334,TCGA-F1-A448-01A-11D-A24D-08,
8,3432500,TCGA-VQ-A8DU-01A-11D-A364-08,
8,104898169,TCGA-VQ-A91U-01A-11D-A410-08,
5,13754330,TCGA-CD-5800-01A-11D-1600-08,
11,66411194,TCGA-BR-6852-01A-11D-1882-08,
8,105026793,TCGA-HU-A4H3-01A-21D-A25D-08,
6,153019200,TCGA-CD-8527-01A-11D-2340-08,
7,20682932,TCGA-BR-7704-01A-11D-2053-08,
8,15397991,TCGA-BR-8077-01A-11D-2340-08,
5,13776589,TCGA-BR-4188-01A-01D-1126-08,
1,240371459,TCGA-HU-A4GF-01A-11D-A24D-08,
17,38323782,TCGA-EQ-8122-01A-11D-2340-08,
17,38323785,TCGA-EQ-8122-01A-11D-2340-08,
12,56559122,TCGA-D7-8572-01A-11D-2340-08,
5,13766258,TCGA-HU-A4H2-01A-11D-A25D-08,
17,38324513,TCGA-EQ-8122-01A-11D-2340-08,
2,213403244,TCGA-BR-6705-01A-12D-1882-08,
6,96054138,TCGA-CD-8535-01A-11D-2340-08,
3,178560470,TCGA-D7-A4Z0-01A-22D-A25D-08,
1,248309375,TCGA-D7-6527-01A-11D-1800-08,
1,240370555,TCGA-HU-A4GF-01A-11D-A24D-08,
1,240492410,TCGA-VQ-A91V-01A-11D-A410-08,
9,164038,TCGA-BR-8382-01A-11D-2394-08,
8,2820009,TCGA-VQ-A8DT-01A-11D-A364-08,
19,16860249,TCGA-BR-8687-01A-11D-2394-08,
11,55339896,TCGA-CG-4443-01A-01D-1158-08,
12,56559122,TCGA-BR-A4J2-01A-21D-A25D-08,
6,72889429,TCGA-BR-A44U-01A-11D-A24D-08,
9,16436121,TCGA-BR-6453-01A-11D-1800-08,
8,15480617,TCGA-BR-8382-01A-11D-2394-08,
20,61460839,TCGA-IN-A6RN-01A-12D-A33T-08,
6,96034725,TCGA-IN-7808-01A-11D-2201-08,
2,212251789,TCGA-VQ-A8P3-01A-11D-A364-08,
1,248309379,TCGA-BR-6852-01A-11D-1882-08,
9,70993152,TCGA-D7-A4YY-01A-11D-A25D-08,
1,152800031,TCGA-BR-8297-01A-12D-2340-08,
8,3087703,TCGA-RD-A7C1-01A-11D-A32N-08,
5,13729585,TCGA-D7-A4Z0-01A-22D-A25D-08,
8,3087702,TCGA-HU-8608-01A-11D-2394-08,
8,2820095,TCGA-D7-8579-01A-11D-2340-08,
6,72678732,TCGA-IN-8462-01A-11D-2340-08,
8,145108284,TCGA-2X-A9D6-01A-11D-A435-10,
17,4619841,TCGA-2G-AAGE-01A-21D-A42Y-10,
15,100636613,TCGA-YU-A94D-01A-11D-A435-10,
12,124887067,TCGA-2G-AAGE-01A-21D-A42Y-10,
16,2819139,TCGA-XE-AANI-01A-11D-A435-10,
12,124887070,TCGA-2G-AAGE-01A-21D-A42Y-10,
1,31897662,TCGA-2G-AALX-01A-11D-A42Y-10,
16,2817298,TCGA-2G-AAHN-01A-11D-A42Y-10,
1,54871665,TCGA-2G-AAFV-01A-11D-A42Y-10,
15,100672218,TCGA-2G-AAGI-01A-11D-A42Y-10,
17,34077157,TCGA-2G-AAHL-01A-11D-A42Y-10,
8,145108284,TCGA-SB-A6J6-01A-11D-A435-10,
16,89346906,TCGA-2G-AALQ-01A-12D-A42Y-10,
12,124887102,TCGA-2G-AAGF-01A-31D-A42Y-10,
1,248224864,TCGA-ZM-AA0H-01A-11D-A435-10,
16,2817298,TCGA-2G-AAGE-01A-21D-A42Y-10,
17,4619841,TCGA-VF-A8A8-01A-11D-A435-10,
1,54871665,TCGA-YU-A90P-01A-11D-A435-10,
19,327235,TCGA-2G-AAH0-01A-11D-A42Y-10,
16,2819139,TCGA-2G-AAGO-01A-11D-A42Y-10,
16,19612991,TCGA-XE-AANI-01A-11D-A435-10,
15,100672218,TCGA-2G-AAEX-01A-11D-A42Y-10,
8,145108284,TCGA-2G-AAGS-01A-11D-A42Y-10,
17,34077157,TCGA-XE-AANI-01A-11D-A435-10,
17,34077157,TCGA-2G-AAFM-01A-11D-A42Y-10,
16,2817298,TCGA-SN-A84W-01A-11D-A435-10,
7,21468306,TCGA-2G-AAKG-01A-11D-A42Y-10,
16,89347466,TCGA-2G-AAH4-01A-12D-A42Y-10,
16,2819139,TCGA-2G-AALN-01A-11D-A42Y-10,
1,31897662,TCGA-2G-AAHN-01A-11D-A42Y-10,
7,21468306,TCGA-XY-A8S2-01A-11D-A435-10,
12,124887102,TCGA-YU-A90W-01A-11D-A435-10,
12,124825195,TCGA-VF-A8AD-01A-11D-A435-10,
11,69063822,TCGA-2G-AAG5-01A-11D-A42Y-10,
12,124887073,TCGA-2G-AAGE-01A-21D-A42Y-10,
1,248224864,TCGA-2G-AALW-01A-11D-A42Y-10,
1,31897662,TCGA-2G-AAGF-01A-31D-A42Y-10,
19,327235,TCGA-2G-AAHL-01A-11D-A42Y-10,
11,69063822,TCGA-XE-AAOB-01A-11D-A435-10,
16,19612991,TCGA-2G-AAFH-01A-12D-A42Y-10,
16,89346906,TCGA-2G-AAEX-01A-11D-A42Y-10,
2,39281778,TCGA-AP-A0LJ-01A-11W-A062-09,
2,39249914,TCGA-BG-A0RY-01A-11D-A10B-09,
11,14487925,TCGA-AP-A0LQ-01A-12D-A10B-09,
11,14504652,TCGA-AX-A060-01A-11W-A027-09,
2,39281778,TCGA-AP-A0LQ-01A-12D-A10B-09,
22,46684374,TCGA-B5-A11Y-01A-21D-A10M-09,
8,105509713,TCGA-AX-A060-01A-11W-A027-09,
20,34302145,TCGA-D1-A0ZO-01A-11D-A122-09,
4,99978957,TCGA-BG-A0MT-01A-11D-A10B-09,
11,14504652,TCGA-AP-A0LE-01A-11D-A127-09,
11,14512125,TCGA-BS-A0UA-01A-11D-A122-09,
11,14486473,TCGA-B5-A11Y-01A-21D-A10M-09,
8,105509713,TCGA-AP-A0LT-01A-11W-A062-09,
22,46671212,TCGA-B5-A11R-01A-11D-A122-09,
8,105521274,TCGA-BG-A0M4-01A-11W-A10C-09,
4,99978957,TCGA-B5-A0K7-01A-11W-A10C-09,
2,39281778,TCGA-A5-A0R9-01A-11D-A10B-09,
4,99982307,TCGA-B5-A0K2-01A-12W-A10C-09,
8,105509486,TCGA-B5-A0K9-01A-21D-A10O-09,
11,14303235,TCGA-D1-A17U-01A-21D-A12J-09,
22,46668266,TCGA-B5-A0JV-01A-11D-A10B-09,
8,105511574,TCGA-AX-A1C8-01A-11D-A135-09,
11,14515258,TCGA-D1-A17B-01A-22D-A12J-09,
22,46677541,TCGA-BG-A0MS-01A-11D-A10B-09,
8,105509325,TCGA-BS-A0TE-01A-11D-A10B-09,
8,105503226,TCGA-B5-A0JR-01A-13W-A062-09,
8,105509287,TCGA-AP-A054-01A-11W-A062-09,
11,14316390,TCGA-BG-A0M4-01A-11W-A10C-09,
22,46684374,TCGA-BS-A0TJ-01A-11D-A10B-09,
11,14316389,TCGA-BG-A0YU-01A-21D-A10M-09,
8,105509746,TCGA-A5-A0GP-01A-11W-A062-09,
22,46677540,TCGA-AX-A06H-01A-11D-A122-09,
2,39224157,TCGA-A5-A0GP-01A-11W-A062-09,
4,99962265,TCGA-AX-A063-01A-11W-A027-09,
20,34302173,TCGA-AX-A063-01A-11W-A027-09,
11,14316389,TCGA-B5-A0K4-01A-11W-A062-09,
11,14508011,TCGA-A5-A0GP-01A-11W-A062-09,
11,14512117,TCGA-AP-A054-01A-11W-A062-09,
20,34302145,TCGA-B5-A0JR-01A-13W-A062-09,
2,39250044,TCGA-D1-A176-01A-11D-A12J-09,
20,34302145,TCGA-D1-A16D-01A-11D-A12J-09,
2,39249914,TCGA-B5-A0JR-01A-13W-A062-09,
1,19200975,TCGA-N5-A4RT-01A-11D-A28R-08,
1,19200974,TCGA-N5-A4RT-01A-11D-A28R-08,
1,1650883,TCGA-N6-A4VG-01A-31D-A28R-08,
1,1650844,TCGA-N5-A4R8-01A-11D-A28R-08,
1,1650881,TCGA-N6-A4VG-01A-31D-A28R-08,
